run,api,size_mib,rep,reserve_us,alloc_us,set_access_us,touch_us,free_us,addr_free_us
0,vmm,2048,9,18.05,56.31,140.75,0.00,817.69,7.69
0,cudaMallocManaged,512,1,0.00,58.59,0.00,88238.75,13268.30,0.00
0,cudaMallocManaged,1024,6,0.00,55.52,0.00,142162.35,26460.12,0.00
0,vmm,8,7,7.52,79.91,79.16,0.00,67.36,1.37
0,vmm,4096,9,12.52,62.88,230.31,0.00,1538.00,6.20
0,cudaMallocManaged,32,5,0.00,55.98,0.00,11549.04,16919.39,0.00
0,cudaMallocManaged,2,9,0.00,52.31,0.00,4050.50,1387.38,0.00
0,vmm,512,2,12.14,50.92,95.84,0.00,251.51,5.07
0,cudaMalloc,32,6,0.00,192.13,0.00,0.00,64.04,0.00
0,cudaMalloc,128,4,0.00,123.86,0.00,0.00,103.52,0.00
0,vmm,8,2,5.97,109.09,76.17,0.00,61.81,1.21
0,cudaMallocManaged,8,6,0.00,68.49,0.00,1887.56,218.70,0.00
0,cudaMallocManaged,2048,1,0.00,45.53,0.00,283629.22,50686.02,0.00
0,cudaMalloc,32,0,0.00,150.21,0.00,0.00,81.13,0.00
0,cudaMalloc,128,6,0.00,287.05,0.00,0.00,210.70,0.00
0,cudaMallocManaged,32,4,0.00,60.98,0.00,5249.49,800.77,0.00
0,vmm,8,0,3.81,53.26,65.74,0.00,56.11,1.12
0,vmm,1024,9,18.54,56.00,108.21,0.00,424.26,7.18
0,vmm,2048,7,10.02,237.27,132.38,0.00,793.82,5.00
0,cudaMalloc,2048,1,0.00,2049.75,0.00,0.00,3035.13,0.00
0,cudaMallocManaged,128,5,0.00,50.26,0.00,32249.60,3591.56,0.00
0,vmm,1024,2,15.55,72.92,124.89,0.00,430.54,6.00
0,cudaMallocManaged,512,2,0.00,56.29,0.00,95825.43,13321.07,0.00
0,cudaMallocManaged,128,1,0.00,44.11,0.00,16505.12,3334.92,0.00
0,vmm,32,8,16.96,78.87,117.83,0.00,96.80,5.11
0,cudaMallocManaged,2,3,0.00,42.94,0.00,748.13,66.45,0.00
0,cudaMalloc,512,7,0.00,130.09,0.00,0.00,496.40,0.00
0,cudaMalloc,512,8,0.00,369.63,0.00,0.00,324.34,0.00
0,cudaMallocManaged,1024,0,0.00,67.63,0.00,140912.58,27583.54,0.00
0,cudaMalloc,32,8,0.00,222.30,0.00,0.00,107.96,0.00
0,cudaMalloc,8,3,0.00,130.09,0.00,0.00,70.73,0.00
0,vmm,32,2,26.00,50.34,88.36,0.00,70.90,9.97
0,cudaMallocManaged,2048,6,0.00,102.48,0.00,287791.91,53843.60,0.00
0,cudaMallocManaged,8,1,0.00,82.29,0.00,1860.27,210.40,0.00
0,cudaMallocManaged,1024,5,0.00,22.74,0.00,137723.65,26992.81,0.00
0,vmm,2048,0,15.66,188.86,1084.29,0.00,1346.10,7.53
0,cudaMalloc,512,5,0.00,1956.15,0.00,0.00,2322.19,0.00
0,cudaMalloc,8,6,0.00,760.05,0.00,0.00,305.28,0.00
0,vmm,32,4,7.50,21.03,49.41,0.00,52.51,4.10
0,cudaMallocManaged,2,2,0.00,31.00,0.00,733.58,57.23,0.00
0,cudaMalloc,2048,2,0.00,256.16,0.00,0.00,808.01,0.00
0,cudaMallocManaged,2,8,0.00,38.87,0.00,4085.17,1075.80,0.00
0,cudaMalloc,8,0,0.00,646.35,0.00,0.00,105.73,0.00
0,cudaMallocManaged,128,9,0.00,91.18,0.00,16171.25,3812.91,0.00
0,cudaMalloc,2,2,0.00,226.16,0.00,0.00,101.15,0.00
0,vmm,1024,6,25.22,84.62,186.08,0.00,445.69,9.56
0,cudaMallocManaged,8,7,0.00,73.20,0.00,1763.57,598.70,0.00
0,cudaMallocManaged,8,5,0.00,37.87,0.00,1990.24,208.03,0.00
0,cudaMallocManaged,1024,1,0.00,303.32,0.00,139590.58,27379.36,0.00
0,cudaMalloc,1024,2,0.00,423.40,0.00,0.00,527.73,0.00
0,vmm,32,3,31.83,293.87,136.61,0.00,94.06,7.39
0,cudaMalloc,128,0,0.00,285.00,0.00,0.00,176.24,0.00
0,cudaMalloc,128,5,0.00,292.12,0.00,0.00,151.15,0.00
0,cudaMallocManaged,32,7,0.00,99.17,0.00,4323.28,868.80,0.00
0,cudaMallocManaged,4096,1,0.00,78.01,0.00,579889.97,109070.05,0.00
0,cudaMallocManaged,8,3,0.00,98.21,0.00,1957.44,217.21,0.00
0,cudaMallocManaged,128,8,0.00,24.80,0.00,18303.06,3372.64,0.00
0,vmm,4096,6,10.45,123.82,377.48,0.00,1562.59,5.58
0,vmm,2048,8,6.83,56353.93,693.75,0.00,1248.46,21.86
0,cudaMallocManaged,32,2,0.00,85.45,0.00,10516.09,6956.02,0.00
0,vmm,128,2,21.27,108.24,136.04,0.00,136.80,7.95
0,vmm,512,7,22.40,101.99,142.86,0.00,256.51,7.98
0,cudaMalloc,512,3,0.00,370.75,0.00,0.00,339.87,0.00
0,cudaMalloc,8,7,0.00,287.38,0.00,0.00,88.75,0.00
0,vmm,128,8,25.27,65.40,108.58,0.00,126.80,9.04
0,cudaMalloc,1024,0,0.00,261.27,0.00,0.00,539.93,0.00
0,vmm,32,6,31.42,292.43,141.55,0.00,101.94,7.75
0,cudaMallocManaged,2,4,0.00,80.79,0.00,774.24,81.97,0.00
0,cudaMalloc,4096,8,0.00,1247.65,0.00,0.00,1702.37,0.00
0,vmm,32,9,20.99,63.94,1863.80,0.00,2172.47,8.72
0,vmm,32,1,25.74,74.66,1860.53,0.00,2176.35,10.67
0,vmm,1024,7,14.83,66.13,1883.42,0.00,2550.37,6.86
0,vmm,8,3,4.12,1060.97,91.34,0.00,63.41,1.54
0,vmm,128,1,19.78,66.01,96.12,0.00,113.66,9.07
0,cudaMalloc,32,4,0.00,185.12,0.00,0.00,87.62,0.00
0,vmm,1024,5,15.77,61.57,153.87,0.00,440.39,7.18
0,cudaMalloc,128,1,0.00,357.37,0.00,0.00,150.94,0.00
0,cudaMalloc,4096,7,0.00,588.55,0.00,0.00,1863.57,0.00
0,cudaMalloc,4096,1,0.00,55274.11,0.00,0.00,2001.79,0.00
0,cudaMallocManaged,1024,7,0.00,56.04,0.00,167594.28,26998.83,0.00
0,cudaMallocManaged,1024,3,0.00,69.28,0.00,140274.71,28128.40,0.00
0,cudaMalloc,8,4,0.00,195.65,0.00,0.00,94.41,0.00
0,cudaMalloc,4096,5,0.00,429.15,0.00,0.00,1537.84,0.00
0,cudaMalloc,128,9,0.00,2018.14,0.00,0.00,2201.64,0.00
0,cudaMallocManaged,128,0,0.00,72.49,0.00,34128.64,4504.76,0.00
0,cudaMallocManaged,2,0,0.00,78.08,0.00,591.73,62.43,0.00
0,cudaMallocManaged,4096,9,0.00,65.86,0.00,601310.09,99753.19,0.00
0,cudaMallocManaged,2048,0,0.00,49.36,0.00,285365.49,50692.98,0.00
0,cudaMallocManaged,2048,4,0.00,50.83,0.00,304034.24,49664.55,0.00
0,vmm,512,4,18.92,89.24,105.94,0.00,253.74,6.01
0,cudaMalloc,32,2,0.00,223.87,0.00,0.00,75.98,0.00
0,cudaMallocManaged,2048,8,0.00,41.12,0.00,289243.32,50130.14,0.00
0,cudaMalloc,2,9,0.00,144.14,0.00,0.00,65.93,0.00
0,cudaMallocManaged,512,6,0.00,55.82,0.00,68374.26,13420.58,0.00
0,cudaMalloc,1024,1,0.00,210.73,0.00,0.00,468.78,0.00
0,vmm,4096,0,8.53,237.74,201.71,0.00,1519.74,5.98
0,cudaMallocManaged,512,4,0.00,48.48,0.00,97798.58,12496.29,0.00
0,cudaMalloc,2,6,0.00,151.80,0.00,0.00,66.05,0.00
0,cudaMallocManaged,512,5,0.00,62.64,0.00,70143.14,12548.42,0.00
0,vmm,2,2,4.93,66.14,76.86,0.00,67.19,2.22
0,cudaMallocManaged,2048,7,0.00,70.65,0.00,306454.86,50017.99,0.00
0,cudaMallocManaged,32,0,0.00,56.14,0.00,5064.47,773.17,0.00
0,cudaMallocManaged,32,8,0.00,27.71,0.00,5706.91,768.62,0.00
0,vmm,128,5,8.41,46.53,79.30,0.00,106.62,4.83
0,cudaMalloc,2,8,0.00,308.98,0.00,0.00,81.50,0.00
0,cudaMalloc,2048,0,0.00,220.56,0.00,0.00,809.56,0.00
0,cudaMallocManaged,32,9,0.00,59.61,0.00,10508.81,7005.48,0.00
0,cudaMallocManaged,4096,6,0.00,32.08,0.00,628528.88,99841.89,0.00
0,vmm,4096,2,9.77,76.67,207.59,0.00,1868.84,5.29
0,cudaMallocManaged,512,9,0.00,49.22,0.00,94475.20,13290.20,0.00
0,cudaMallocManaged,2048,5,0.00,72.72,0.00,279240.34,49910.01,0.00
0,vmm,4096,4,8.81,4688.38,209.98,0.00,1527.71,4.73
0,cudaMalloc,4096,9,0.00,55877.61,0.00,0.00,1597.01,0.00
0,cudaMallocManaged,512,3,0.00,46.62,0.00,94460.69,12463.13,0.00
0,vmm,512,0,14.24,77.74,131.11,0.00,262.10,5.13
0,cudaMalloc,2048,5,0.00,248.36,0.00,0.00,793.34,0.00
0,vmm,8,8,1.69,26.09,950.88,0.00,1091.08,0.87
0,vmm,2,8,8.27,1557.85,37.91,0.00,41.04,0.58
0,vmm,128,4,6.39,23.50,54.02,0.00,88.72,4.50
0,vmm,512,9,4.33,49.90,72.25,0.00,233.43,3.62
0,cudaMalloc,512,0,0.00,207.08,0.00,0.00,232.43,0.00
0,vmm,32,0,8.68,114.66,55.99,0.00,59.38,4.32
0,cudaMalloc,512,6,0.00,100.80,0.00,0.00,240.88,0.00
0,vmm,512,1,4.37,118.68,90.31,0.00,237.34,9.69
0,cudaMalloc,8,8,0.00,165.86,0.00,0.00,47.52,0.00
0,cudaMallocManaged,32,3,0.00,44.90,0.00,5066.38,838.95,0.00
0,vmm,8,5,1.67,33.08,46.63,0.00,50.36,0.78
0,cudaMalloc,32,9,0.00,180.17,0.00,0.00,129.22,0.00
0,vmm,128,7,28.79,71.80,123.32,0.00,115.66,6.37
0,cudaMalloc,2048,8,0.00,289.23,0.00,0.00,847.63,0.00
0,vmm,4096,5,8.06,18725.87,328.41,0.00,1576.60,21.02
0,vmm,512,6,13.80,33.43,1956.84,0.00,2325.05,4.69
0,vmm,2048,6,8.06,30321.74,1932.55,0.00,2925.49,21.24
0,cudaMalloc,512,1,0.00,2267.27,0.00,0.00,2326.62,0.00
0,cudaMalloc,128,8,0.00,1826.98,0.00,0.00,1537.88,0.00
0,cudaMallocManaged,8,9,0.00,128.57,0.00,2057.32,269.15,0.00
0,vmm,128,9,15.22,93.66,130.75,0.00,133.87,7.25
0,cudaMallocManaged,2,5,0.00,33.70,0.00,729.42,68.42,0.00
0,cudaMallocManaged,2048,9,0.00,44.96,0.00,284894.07,55646.52,0.00
0,vmm,1024,8,15.71,85.75,183.32,0.00,458.77,5.71
0,vmm,1024,4,5.72,221.56,126.67,0.00,423.23,4.57
0,cudaMallocManaged,128,4,0.00,46.63,0.00,16815.83,3367.05,0.00
0,vmm,2,1,3.06,56.90,67.21,0.00,64.84,0.95
0,vmm,128,0,14.85,41.31,97.78,0.00,105.41,6.89
0,vmm,2048,1,4.30,68.58,188.23,0.00,784.04,3.86
0,cudaMallocManaged,128,3,0.00,74.16,0.00,25387.67,3758.42,0.00
0,vmm,2048,4,7.10,47.34,138.77,0.00,795.86,4.59
0,cudaMallocManaged,8,4,0.00,38.54,0.00,7326.51,4250.78,0.00
0,cudaMalloc,2,0,0.00,479.67,0.00,0.00,49.45,0.00
0,vmm,4096,8,6.41,4203.42,216.48,0.00,1525.59,4.77
0,vmm,2,6,1.04,20.95,972.29,0.00,1084.85,0.73
0,cudaMalloc,1024,9,0.00,2046.05,0.00,0.00,2509.39,0.00
0,vmm,4096,3,5.53,8778.29,1318.46,0.00,3965.66,21.82
0,cudaMallocManaged,128,7,0.00,84.79,0.00,43064.68,24335.84,0.00
0,cudaMalloc,128,7,0.00,204.13,0.00,0.00,138.00,0.00
0,cudaMalloc,4096,3,0.00,328.29,0.00,0.00,1529.79,0.00
0,cudaMalloc,2048,3,0.00,56542.64,0.00,0.00,2123.82,0.00
0,vmm,1024,3,81.06,221.41,1712.53,0.00,2556.30,11.79
0,cudaMallocManaged,8,8,0.00,56.87,0.00,8952.36,1370.46,0.00
0,cudaMalloc,128,2,0.00,663.25,0.00,0.00,439.59,0.00
0,cudaMallocManaged,32,6,0.00,50.20,0.00,4957.23,922.47,0.00
0,cudaMallocManaged,2,1,0.00,42.69,0.00,712.91,41.18,0.00
0,cudaMalloc,512,2,0.00,171.12,0.00,0.00,263.44,0.00
0,vmm,512,3,9.12,131.89,110.19,0.00,296.38,5.47
0,vmm,8,9,4.73,157.80,71.33,0.00,63.14,1.45
0,cudaMallocManaged,1024,4,0.00,82.32,0.00,139463.86,27066.49,0.00
0,vmm,4096,1,12.56,147.43,390.20,0.00,1583.22,5.62
0,cudaMalloc,128,3,0.00,1288.96,0.00,0.00,2232.95,0.00
0,vmm,8,1,5.50,41.77,71.20,0.00,1104.78,1.10
0,vmm,8,4,1.20,21.43,158.99,0.00,1101.67,0.56
0,vmm,128,3,10.15,836.60,69.82,0.00,100.51,5.02
0,vmm,32,5,7.74,41.65,61.88,0.00,57.60,4.06
0,cudaMalloc,4096,4,0.00,291.12,0.00,0.00,1551.28,0.00
0,vmm,2,4,3.71,32.19,173.22,0.00,1104.59,0.76
0,vmm,2,3,1.03,21.21,159.39,0.00,1099.96,0.78
0,cudaMalloc,1024,5,0.00,12637.76,0.00,0.00,530.71,0.00
0,cudaMalloc,4096,2,0.00,593.58,0.00,0.00,1551.31,0.00
0,cudaMalloc,1024,3,0.00,1297.73,0.00,0.00,2567.75,0.00
0,vmm,2,7,9.78,71.85,765.64,0.00,1119.88,1.94
0,cudaMallocManaged,8,2,0.00,107.18,0.00,7562.28,4307.03,0.00
0,cudaMalloc,2048,4,0.00,540.16,0.00,0.00,832.84,0.00
0,cudaMalloc,1024,4,0.00,1293.22,0.00,0.00,2541.18,0.00
0,cudaMalloc,2048,9,0.00,1986.78,0.00,0.00,2934.51,0.00
0,vmm,32,7,12.30,223.43,1325.17,0.00,2182.90,4.67
0,cudaMalloc,8,5,0.00,628.07,0.00,0.00,93.03,0.00
0,cudaMalloc,8,1,0.00,69.88,0.00,0.00,47.25,0.00
0,cudaMalloc,4096,6,0.00,424.54,0.00,0.00,1558.89,0.00
0,cudaMalloc,32,3,0.00,1271.97,0.00,0.00,1135.34,0.00
0,vmm,512,5,27.86,86.11,2182.38,0.00,2441.38,10.32
0,cudaMallocManaged,2,6,0.00,80.23,0.00,4091.71,1100.46,0.00
0,cudaMallocManaged,512,8,0.00,30.16,0.00,71797.18,13743.19,0.00
0,cudaMalloc,2,7,0.00,164.28,0.00,0.00,79.09,0.00
0,cudaMallocManaged,4096,3,0.00,44.59,0.00,574194.81,111049.22,0.00
0,cudaMalloc,8,9,0.00,200.40,0.00,0.00,95.36,0.00
0,vmm,8,6,3.18,43.38,46.06,0.00,50.22,0.89
0,cudaMalloc,2,1,0.00,136.70,0.00,0.00,60.66,0.00
0,cudaMallocManaged,4096,8,0.00,81.35,0.00,577508.65,101762.06,0.00
0,cudaMallocManaged,128,2,0.00,73.30,0.00,18936.53,3205.44,0.00
0,cudaMallocManaged,32,1,0.00,38.08,0.00,5018.16,798.40,0.00
0,cudaMalloc,1024,7,0.00,176.98,0.00,0.00,510.89,0.00
0,cudaMalloc,32,1,0.00,267.05,0.00,0.00,54.95,0.00
0,cudaMalloc,4096,0,0.00,225.38,0.00,0.00,1529.55,0.00
0,vmm,1024,0,10.61,44.42,1171.66,0.00,4083.44,8.09
0,cudaMalloc,512,9,0.00,32189.77,0.00,0.00,2431.57,0.00
0,cudaMalloc,2,4,0.00,895.88,0.00,0.00,450.28,0.00
0,cudaMalloc,2048,6,0.00,369.71,0.00,0.00,850.88,0.00
0,vmm,512,8,13.18,47.72,1166.05,0.00,2362.16,6.63
0,cudaMalloc,1024,8,0.00,2086.44,0.00,0.00,845.09,0.00
0,cudaMallocManaged,128,6,0.00,39.34,0.00,17647.40,3411.24,0.00
0,cudaMalloc,32,5,0.00,131.54,0.00,0.00,81.97,0.00
0,cudaMallocManaged,4096,7,0.00,28.63,0.00,577677.70,101598.02,0.00
0,vmm,128,6,11.14,66.93,83.50,0.00,115.52,4.89
0,cudaMallocManaged,2048,2,0.00,39.43,0.00,276809.29,50424.57,0.00
0,vmm,2048,3,14.87,111.67,242.82,0.00,834.28,5.55
0,vmm,2048,5,17.80,18820.07,172.32,0.00,807.89,16.72
0,cudaMallocManaged,1024,2,0.00,50.99,0.00,149226.19,25161.19,0.00
0,cudaMallocManaged,1024,8,0.00,67.08,0.00,140303.85,25128.54,0.00
0,vmm,1024,1,7.75,54.40,110.40,0.00,448.35,4.35
0,cudaMallocManaged,4096,4,0.00,38.19,0.00,558155.38,101340.27,0.00
0,cudaMalloc,2,5,0.00,191.27,0.00,0.00,90.27,0.00
0,cudaMalloc,8,2,0.00,142.48,0.00,0.00,68.02,0.00
0,vmm,4096,7,19.09,48.55,237.72,0.00,1531.77,6.73
0,cudaMallocManaged,4096,2,0.00,62.45,0.00,607594.29,101500.90,0.00
0,cudaMallocManaged,1024,9,0.00,84.64,0.00,142170.68,25210.94,0.00
0,cudaMallocManaged,512,0,0.00,72.42,0.00,71139.55,12721.30,0.00
0,cudaMallocManaged,4096,5,0.00,44.12,0.00,569704.24,101869.36,0.00
0,cudaMallocManaged,512,7,0.00,43.40,0.00,70643.63,12564.05,0.00
0,vmm,2,5,4.01,54.44,73.68,0.00,70.46,1.08
0,cudaMallocManaged,4096,0,0.00,52.93,0.00,586502.39,101925.60,0.00
0,cudaMalloc,32,7,0.00,135.25,0.00,0.00,81.89,0.00
0,cudaMallocManaged,8,0,0.00,31.67,0.00,1842.50,207.18,0.00
0,cudaMallocManaged,2048,3,0.00,17.91,0.00,290577.14,50405.36,0.00
0,cudaMallocManaged,2,7,0.00,66.01,0.00,730.09,55.96,0.00
0,vmm,2,9,4.24,67.89,65.96,0.00,59.53,1.28
0,cudaMalloc,512,4,0.00,175.81,0.00,0.00,252.43,0.00
0,cudaMalloc,2,3,0.00,231.82,0.00,0.00,63.44,0.00
0,vmm,2,0,2.91,41.54,48.71,0.00,43.39,1.06
0,vmm,2048,2,14.40,37.68,129.11,0.00,778.90,11.38
0,cudaMalloc,2048,7,0.00,2191.08,0.00,0.00,2911.47,0.00
0,cudaMalloc,1024,6,0.00,3529.16,0.00,0.00,2628.71,0.00
1,cudaMallocManaged,8,7,0.00,21.72,0.00,2123.02,189.19,0.00
1,cudaMalloc,1024,6,0.00,197.20,0.00,0.00,443.45,0.00
1,cudaMallocManaged,4096,2,0.00,55.12,0.00,586610.78,110452.29,0.00
1,vmm,512,0,23.61,86.08,165.12,0.00,277.44,5.54
1,cudaMallocManaged,32,8,0.00,49.94,0.00,4899.61,951.38,0.00
1,cudaMallocManaged,4096,4,0.00,41.84,0.00,594630.41,110043.96,0.00
1,cudaMallocManaged,128,4,0.00,72.08,0.00,18622.65,3419.43,0.00
1,cudaMalloc,512,1,0.00,224.72,0.00,0.00,281.67,0.00
1,cudaMallocManaged,32,4,0.00,58.70,0.00,4673.28,958.74,0.00
1,cudaMalloc,32,2,0.00,162.67,0.00,0.00,86.45,0.00
1,cudaMalloc,4096,2,0.00,331.32,0.00,0.00,1548.27,0.00
1,vmm,2048,0,10.05,56379.18,1779.40,0.00,1725.26,20.73
1,vmm,32,1,20.35,36.44,2058.80,0.00,2167.74,4.79
1,vmm,8,8,2.28,418.53,48.91,0.00,47.96,0.71
1,cudaMalloc,8,4,0.00,82.09,0.00,0.00,53.70,0.00
1,cudaMalloc,4096,6,0.00,248.03,0.00,0.00,1543.58,0.00
1,vmm,512,2,23.76,89.20,2026.69,0.00,2360.19,6.90
1,vmm,32,6,9.14,29.25,1858.95,0.00,2174.45,7.48
1,vmm,8,6,1.75,31.53,983.29,0.00,1095.69,0.74
1,cudaMallocManaged,128,2,0.00,52.08,0.00,19322.17,3400.92,0.00
1,cudaMallocManaged,2048,2,0.00,30.74,0.00,292372.91,56628.77,0.00
1,cudaMallocManaged,2048,7,0.00,99.45,0.00,290657.75,54512.80,0.00
1,vmm,1024,1,20.99,138.12,203.51,0.00,469.51,5.76
1,vmm,128,4,11.57,254.53,113.53,0.00,125.75,6.12
1,cudaMalloc,512,6,0.00,253.41,0.00,0.00,270.91,0.00
1,vmm,128,6,14.43,148.99,99.63,0.00,111.47,4.59
1,cudaMallocManaged,1024,4,0.00,97.56,0.00,162522.88,29741.43,0.00
1,cudaMallocManaged,2,8,0.00,122.84,0.00,557.05,90.58,0.00
1,cudaMallocManaged,32,9,0.00,120.74,0.00,4997.45,835.56,0.00
1,cudaMalloc,1024,3,0.00,265.44,0.00,0.00,468.24,0.00
1,cudaMallocManaged,128,0,0.00,68.32,0.00,15868.31,3466.33,0.00
1,cudaMalloc,1024,9,0.00,562.62,0.00,0.00,512.34,0.00
1,cudaMalloc,1024,7,0.00,440.21,0.00,0.00,480.84,0.00
1,vmm,2048,8,25.96,292.00,271.48,0.00,838.78,7.43
1,cudaMallocManaged,128,1,0.00,68.20,0.00,24870.57,3936.61,0.00
1,cudaMallocManaged,4096,9,0.00,116.18,0.00,614927.43,107769.49,0.00
1,cudaMallocManaged,1024,9,0.00,108.44,0.00,147657.29,25331.22,0.00
1,cudaMalloc,2048,3,0.00,269.63,0.00,0.00,884.26,0.00
1,vmm,8,4,6.78,74.70,952.81,0.00,1115.06,1.07
1,vmm,2048,5,74.30,648.71,285.86,0.00,894.71,13.02
1,cudaMallocManaged,1024,8,0.00,107.81,0.00,151840.58,27218.26,0.00
1,cudaMallocManaged,32,3,0.00,84.22,0.00,3938.45,886.95,0.00
1,cudaMalloc,128,2,0.00,367.51,0.00,0.00,202.85,0.00
1,cudaMalloc,2048,7,0.00,481.17,0.00,0.00,906.09,0.00
1,vmm,2048,3,16.40,94.90,1999.63,0.00,2929.24,6.25
1,cudaMalloc,8,2,0.00,1325.47,0.00,0.00,1331.85,0.00
1,cudaMallocManaged,4096,5,0.00,143.68,0.00,679353.82,105381.17,0.00
1,vmm,2,8,7.06,69.42,77.39,0.00,81.42,1.62
1,vmm,512,9,15.51,72.81,132.48,0.00,314.82,7.59
1,vmm,8,1,7.22,178.61,78.19,0.00,63.51,1.23
1,cudaMalloc,8,9,0.00,153.59,0.00,0.00,72.57,0.00
1,vmm,4096,9,19.17,123.06,364.29,0.00,1640.84,11.17
1,cudaMallocManaged,512,4,0.00,144.73,0.00,98727.68,14688.47,0.00
1,cudaMallocManaged,2048,9,0.00,81.39,0.00,299974.41,54120.25,0.00
1,cudaMalloc,2,5,0.00,191.01,0.00,0.00,86.33,0.00
1,vmm,4096,8,16.65,6722.63,449.89,0.00,1579.05,15.87
1,vmm,1024,2,42.83,196.14,1848.14,0.00,2572.16,14.67
1,cudaMalloc,2048,2,0.00,33261.18,0.00,0.00,2936.28,0.00
1,vmm,1024,5,27.62,287.66,2001.69,0.00,2559.34,8.38
1,cudaMallocManaged,2,2,0.00,86.13,0.00,3688.81,1456.21,0.00
1,cudaMalloc,32,5,0.00,342.62,0.00,0.00,88.78,0.00
1,vmm,4096,4,18.72,5351.12,273.01,0.00,1556.30,8.59
1,cudaMallocManaged,4096,0,0.00,74.19,0.00,696168.61,101050.33,0.00
1,cudaMallocManaged,8,9,0.00,50.18,0.00,1973.38,226.46,0.00
1,vmm,1024,4,15.82,102.81,136.29,0.00,484.74,6.14
1,cudaMalloc,8,7,0.00,357.37,0.00,0.00,76.71,0.00
1,cudaMalloc,512,4,0.00,200.85,0.00,0.00,276.79,0.00
1,vmm,2,9,7.53,162.15,70.81,0.00,68.58,1.16
1,cudaMalloc,512,5,0.00,224.56,0.00,0.00,290.92,0.00
1,cudaMallocManaged,2048,1,0.00,61.74,0.00,315400.90,50701.01,0.00
1,cudaMallocManaged,1024,2,0.00,65.05,0.00,159170.82,25524.85,0.00
1,cudaMalloc,2,3,0.00,176.44,0.00,0.00,69.16,0.00
1,vmm,4096,3,21.02,78.89,226.97,0.00,1658.96,20.42
1,cudaMallocManaged,512,9,0.00,66.28,0.00,102102.06,12702.19,0.00
1,vmm,2,5,7.10,83.24,79.69,0.00,58.34,1.51
1,cudaMalloc,128,8,0.00,201.30,0.00,0.00,120.07,0.00
1,vmm,8,0,10.81,113.23,105.72,0.00,87.25,2.39
1,vmm,4096,5,32.97,191.34,300.42,0.00,1628.57,17.17
1,cudaMalloc,128,7,0.00,1001.93,0.00,0.00,1148.79,0.00
1,cudaMallocManaged,2048,5,0.00,66.72,0.00,347775.03,50650.62,0.00
1,cudaMallocManaged,512,5,0.00,60.54,0.00,71226.44,12937.01,0.00
1,vmm,32,0,31.02,104.91,104.77,0.00,78.27,7.81
1,vmm,2048,7,11.92,55.60,132.23,0.00,794.46,6.00
1,cudaMalloc,1024,5,0.00,2112.00,0.00,0.00,2535.64,0.00
1,cudaMalloc,1024,8,0.00,1677.07,0.00,0.00,2715.52,0.00
1,vmm,32,2,17.07,329.73,2190.68,0.00,1675.12,9.17
1,cudaMalloc,2048,8,0.00,233.25,0.00,0.00,849.95,0.00
1,vmm,128,9,15.17,70.91,2000.08,0.00,2212.61,6.38
1,cudaMallocManaged,32,6,0.00,54.91,0.00,4555.69,1199.87,0.00
1,cudaMalloc,8,3,0.00,94.45,0.00,0.00,50.99,0.00
1,cudaMallocManaged,32,0,0.00,19.52,0.00,4461.69,769.13,0.00
1,cudaMallocManaged,1024,5,0.00,18.01,0.00,155063.37,25144.90,0.00
1,cudaMallocManaged,2,0,0.00,40.89,0.00,759.33,39.70,0.00
1,vmm,32,9,11.91,71.33,120.72,0.00,94.63,5.25
1,vmm,8,3,0.98,30.39,39.52,0.00,42.44,0.59
1,cudaMallocManaged,128,9,0.00,70.31,0.00,16924.44,3360.99,0.00
1,cudaMalloc,2,1,0.00,137.88,0.00,0.00,59.67,0.00
1,cudaMalloc,512,9,0.00,112.50,0.00,0.00,238.12,0.00
1,cudaMallocManaged,32,5,0.00,37.78,0.00,4144.59,945.59,0.00
1,cudaMallocManaged,4096,8,0.00,56.51,0.00,576173.28,108785.25,0.00
1,cudaMalloc,2048,5,0.00,374.47,0.00,0.00,839.52,0.00
1,cudaMallocManaged,8,3,0.00,38.45,0.00,7369.35,4255.22,0.00
1,cudaMallocManaged,128,6,0.00,15.94,0.00,17015.97,3916.22,0.00
1,cudaMalloc,4096,1,0.00,539.25,0.00,0.00,1602.59,0.00
1,vmm,128,8,8.55,37.72,2034.29,0.00,2199.03,5.84
1,cudaMallocManaged,8,6,0.00,30.72,0.00,7292.71,4261.62,0.00
1,vmm,1024,6,4.28,817.54,151.60,0.00,426.27,4.37
1,vmm,2,2,1.70,212.19,38.37,0.00,40.44,0.64
1,cudaMallocManaged,1024,7,0.00,39.34,0.00,138023.80,27041.90,0.00
1,cudaMallocManaged,512,1,0.00,51.38,0.00,69381.60,13451.02,0.00
1,cudaMalloc,4096,0,0.00,514.96,0.00,0.00,1576.93,0.00
1,cudaMalloc,32,7,0.00,1029.94,0.00,0.00,1132.09,0.00
1,vmm,2,3,4.66,53.21,885.46,0.00,1094.69,1.00
1,cudaMallocManaged,8,5,0.00,50.63,0.00,7325.23,2993.23,0.00
1,cudaMalloc,2,6,0.00,82.57,0.00,0.00,46.31,0.00
1,cudaMallocManaged,2048,6,0.00,27.83,0.00,292082.88,54366.54,0.00
1,cudaMallocManaged,8,8,0.00,74.02,0.00,2251.02,216.70,0.00
1,cudaMallocManaged,4096,6,0.00,33.33,0.00,568949.38,110229.51,0.00
1,cudaMalloc,32,9,0.00,309.00,0.00,0.00,114.22,0.00
1,cudaMalloc,8,0,0.00,240.65,0.00,0.00,90.17,0.00
1,vmm,1024,3,14.32,44.63,144.99,0.00,425.51,6.82
1,vmm,128,7,4.78,217.81,69.80,0.00,98.62,3.43
1,cudaMallocManaged,4096,7,0.00,76.83,0.00,599498.38,100628.73,0.00
1,vmm,2,4,3.38,3609.84,281.80,0.00,61.58,2.69
1,cudaMallocManaged,2048,8,0.00,66.30,0.00,287636.17,50767.68,0.00
1,cudaMallocManaged,2,9,0.00,44.07,0.00,723.14,45.59,0.00
1,vmm,2048,2,6.58,1161.85,149.86,0.00,807.65,6.96
1,vmm,1024,8,5.22,31.07,2049.31,0.00,2515.28,3.82
1,cudaMalloc,8,1,0.00,628.98,0.00,0.00,1082.71,0.00
1,vmm,2048,4,5.19,220.15,109.75,0.00,779.28,4.01
1,cudaMalloc,2,9,0.00,1025.20,0.00,0.00,1083.02,0.00
1,cudaMalloc,128,1,0.00,475.33,0.00,0.00,107.21,0.00
1,cudaMallocManaged,2,1,0.00,34.11,0.00,683.33,66.85,0.00
1,cudaMalloc,512,8,0.00,94.79,0.00,0.00,238.78,0.00
1,cudaMalloc,128,5,0.00,158.92,0.00,0.00,84.17,0.00
1,cudaMalloc,2048,0,0.00,338.34,0.00,0.00,819.09,0.00
1,vmm,8,2,3.64,34.31,978.51,0.00,1090.36,1.03
1,vmm,4096,2,8.42,5549.76,214.85,0.00,1534.63,5.90
1,vmm,2048,9,4.64,55071.90,1573.63,0.00,999.57,21.29
1,vmm,2048,6,22.33,91.07,1967.69,0.00,2949.07,12.66
1,cudaMalloc,32,1,0.00,1245.83,0.00,0.00,1105.40,0.00
1,cudaMallocManaged,2,6,0.00,47.25,0.00,4088.97,1081.31,0.00
1,vmm,2,7,11.68,480.01,112.46,0.00,84.38,1.85
1,cudaMalloc,1024,2,0.00,227.33,0.00,0.00,457.93,0.00
1,cudaMalloc,2,0,0.00,280.37,0.00,0.00,49.18,0.00
1,cudaMallocManaged,128,8,0.00,38.60,0.00,17423.00,3351.90,0.00
1,vmm,1024,7,13.28,57.85,121.29,0.00,442.77,6.31
1,cudaMallocManaged,128,3,0.00,45.35,0.00,18437.32,3382.48,0.00
1,cudaMallocManaged,1024,1,0.00,24.38,0.00,140805.02,26936.23,0.00
1,cudaMallocManaged,1024,0,0.00,87.41,0.00,140028.83,27023.11,0.00
1,cudaMalloc,1024,1,0.00,286.40,0.00,0.00,468.24,0.00
1,cudaMallocManaged,2048,0,0.00,48.67,0.00,281331.53,51749.38,0.00
1,cudaMalloc,32,3,0.00,125.09,0.00,0.00,75.90,0.00
1,vmm,8,5,3.84,41.34,48.41,0.00,49.46,1.18
1,cudaMalloc,2,4,0.00,77.76,0.00,0.00,42.91,0.00
1,cudaMallocManaged,2048,3,0.00,39.63,0.00,287521.44,50715.83,0.00
1,cudaMallocManaged,512,3,0.00,60.27,0.00,69923.58,12524.85,0.00
1,cudaMallocManaged,4096,3,0.00,43.74,0.00,608469.07,109567.78,0.00
1,cudaMallocManaged,2048,4,0.00,87.01,0.00,288366.93,54640.62,0.00
1,vmm,2,0,6.35,79.84,95.41,0.00,80.59,1.23
1,vmm,32,3,13.66,25.04,58.33,0.00,58.70,4.26
1,cudaMalloc,4096,5,0.00,5551.91,0.00,0.00,1579.83,0.00
1,cudaMallocManaged,2,4,0.00,111.34,0.00,4058.45,1120.13,0.00
1,cudaMalloc,4096,7,0.00,32798.39,0.00,0.00,1850.81,0.00
1,vmm,512,7,15.27,60.53,1972.79,0.00,2652.96,7.28
1,vmm,4096,6,14.94,40299.62,554.65,0.00,1603.11,24.70
1,cudaMallocManaged,8,4,0.00,65.56,0.00,7284.59,4255.44,0.00
1,cudaMalloc,512,3,0.00,2084.80,0.00,0.00,2340.00,0.00
1,vmm,32,4,11.15,794.62,2081.68,0.00,2160.94,5.46
1,cudaMalloc,128,0,0.00,173.38,0.00,0.00,96.83,0.00
1,cudaMalloc,8,5,0.00,86.11,0.00,0.00,44.02,0.00
1,vmm,2,6,3.31,47.37,56.33,0.00,47.51,1.05
1,vmm,128,0,13.49,52.82,85.60,0.00,108.64,5.32
1,cudaMallocManaged,1024,6,0.00,62.78,0.00,140142.46,26994.02,0.00
1,cudaMallocManaged,512,7,0.00,55.44,0.00,70097.32,13479.10,0.00
1,cudaMallocManaged,1024,3,0.00,66.28,0.00,149146.56,26963.35,0.00
1,vmm,2048,1,11.52,80.81,178.33,0.00,827.84,5.24
1,cudaMalloc,32,8,0.00,1020.19,0.00,0.00,1101.02,0.00
1,cudaMalloc,512,2,0.00,502.37,0.00,0.00,241.09,0.00
1,cudaMalloc,8,6,0.00,269.64,0.00,0.00,90.36,0.00
1,vmm,512,1,23.36,37.55,88.19,0.00,247.79,8.25
1,cudaMalloc,1024,4,0.00,239.75,0.00,0.00,430.52,0.00
1,cudaMallocManaged,512,6,0.00,34.04,0.00,70312.39,13438.91,0.00
1,cudaMallocManaged,2,3,0.00,39.27,0.00,431.89,45.98,0.00
1,cudaMalloc,8,8,0.00,123.41,0.00,0.00,67.27,0.00
1,vmm,32,7,15.13,48.29,73.51,0.00,72.08,6.03
1,cudaMalloc,512,0,0.00,132.59,0.00,0.00,248.41,0.00
1,cudaMalloc,2,2,0.00,173.23,0.00,0.00,51.36,0.00
1,cudaMalloc,2048,1,0.00,159.30,0.00,0.00,788.10,0.00
1,vmm,512,6,6.10,48.33,2026.18,0.00,2333.73,4.59
1,cudaMallocManaged,128,5,0.00,28.49,0.00,19729.47,3357.93,0.00
1,cudaMallocManaged,8,0,0.00,21.30,0.00,2288.05,198.54,0.00
1,vmm,1024,0,5.47,43.07,105.24,0.00,427.04,4.12
1,vmm,128,1,3.76,212.58,54.70,0.00,96.91,3.25
1,vmm,8,9,1.28,50.35,35.35,0.00,42.12,0.62
1,cudaMalloc,512,7,0.00,92.21,0.00,0.00,236.91,0.00
1,cudaMallocManaged,2,5,0.00,37.24,0.00,763.02,147.09,0.00
1,cudaMalloc,32,6,0.00,88.70,0.00,0.00,60.85,0.00
1,vmm,512,3,6.15,31.57,74.26,0.00,235.74,3.91
1,cudaMallocManaged,128,7,0.00,72.83,0.00,16627.09,3359.86,0.00
1,vmm,4096,7,10.50,213.64,253.78,0.00,1552.19,6.17
1,cudaMalloc,4096,4,0.00,61871.12,0.00,0.00,2142.79,0.00
1,vmm,32,5,17.71,43.04,1962.44,0.00,2167.74,6.30
1,vmm,128,3,8.91,43.60,1966.86,0.00,2201.15,5.46
1,cudaMallocManaged,32,1,0.00,45.61,0.00,8303.24,1631.35,0.00
1,vmm,2,1,2.06,29.16,40.99,0.00,43.95,0.70
1,cudaMalloc,2,8,0.00,64.51,0.00,0.00,41.78,0.00
1,cudaMallocManaged,512,8,0.00,40.89,0.00,67778.16,13463.13,0.00
1,cudaMallocManaged,4096,1,0.00,125.61,0.00,580762.35,113113.82,0.00
1,vmm,8,7,14.05,140.06,121.69,0.00,93.79,2.02
1,vmm,32,8,42.44,129.47,167.22,0.00,122.93,11.89
1,cudaMalloc,1024,0,0.00,430.98,0.00,0.00,484.26,0.00
1,cudaMalloc,32,0,0.00,553.14,0.00,0.00,120.99,0.00
1,cudaMalloc,2,7,0.00,399.48,0.00,0.00,151.99,0.00
1,cudaMallocManaged,8,2,0.00,101.96,0.00,1741.59,229.96,0.00
1,vmm,1024,9,13.67,100.99,187.96,0.00,485.45,6.48
1,cudaMalloc,2048,4,0.00,626.46,0.00,0.00,858.50,0.00
1,cudaMalloc,128,9,0.00,1013.48,0.00,0.00,1193.45,0.00
1,cudaMalloc,2048,9,0.00,846.06,0.00,0.00,867.70,0.00
1,vmm,128,5,33.41,104.10,1915.78,0.00,2242.53,15.05
1,vmm,4096,0,28.94,514.27,298.10,0.00,1568.60,8.95
1,cudaMalloc,4096,3,0.00,57307.11,0.00,0.00,2441.57,0.00
1,vmm,4096,1,21.98,55634.79,354.45,0.00,1578.66,27.38
1,vmm,512,8,18.63,49.37,1965.68,0.00,2381.06,11.52
1,cudaMallocManaged,2,7,0.00,151.15,0.00,3753.23,1111.41,0.00
1,cudaMalloc,4096,9,0.00,15388.93,0.00,0.00,1632.17,0.00
1,vmm,512,4,41.03,127.63,1877.46,0.00,3103.29,19.84
1,cudaMallocManaged,32,7,0.00,94.24,0.00,9551.32,16975.86,0.00
1,vmm,512,5,17.18,983.26,163.68,0.00,284.53,7.19
1,cudaMallocManaged,8,1,0.00,88.38,0.00,1654.84,360.69,0.00
1,cudaMallocManaged,512,0,0.00,34.83,0.00,68446.36,13487.60,0.00
1,cudaMallocManaged,32,2,0.00,38.52,0.00,4870.60,827.44,0.00
1,cudaMalloc,32,4,0.00,141.77,0.00,0.00,92.46,0.00
1,cudaMallocManaged,512,2,0.00,52.33,0.00,69614.12,14259.48,0.00
1,cudaMalloc,4096,8,0.00,345.65,0.00,0.00,1580.95,0.00
1,cudaMalloc,128,6,0.00,1001.04,0.00,0.00,1148.29,0.00
1,cudaMalloc,2048,6,0.00,33310.66,0.00,0.00,921.07,0.00
1,cudaMalloc,128,3,0.00,981.43,0.00,0.00,1144.35,0.00
1,vmm,128,2,12.04,459.61,105.19,0.00,112.72,5.20
1,cudaMalloc,128,4,0.00,281.31,0.00,0.00,157.10,0.00
2,cudaMalloc,2,5,0.00,76.32,0.00,0.00,46.89,0.00
2,cudaMalloc,8,9,0.00,63.33,0.00,0.00,45.19,0.00
2,vmm,2048,1,19.48,39.46,151.39,0.00,789.89,10.77
2,cudaMallocManaged,2,7,0.00,36.79,0.00,4136.84,1076.78,0.00
2,cudaMallocManaged,4096,5,0.00,37.79,0.00,582058.28,109312.83,0.00
2,cudaMallocManaged,2,4,0.00,81.46,0.00,790.43,66.04,0.00
2,vmm,4096,7,9.73,111.23,377.86,0.00,1590.98,26.58
2,cudaMalloc,2048,9,0.00,57837.60,0.00,0.00,1269.68,0.00
2,vmm,2,3,5.04,53.29,923.62,0.00,1095.97,1.39
2,cudaMallocManaged,1024,5,0.00,55.29,0.00,141325.28,27064.98,0.00
2,cudaMallocManaged,8,0,0.00,78.89,0.00,2099.42,221.44,0.00
2,cudaMallocManaged,2048,5,0.00,23.22,0.00,285175.42,54098.21,0.00
2,cudaMallocManaged,8,6,0.00,123.11,0.00,2281.20,558.08,0.00
2,cudaMalloc,4096,4,0.00,5114.55,0.00,0.00,1575.48,0.00
2,vmm,32,3,16.68,73.99,1969.44,0.00,2177.34,8.74
2,vmm,2048,8,10.26,31082.88,456.18,0.00,829.51,13.34
2,vmm,512,4,13.83,37.28,2013.33,0.00,2345.10,6.32
2,vmm,8,3,16.48,619.27,143.59,0.00,655.45,2.74
2,cudaMallocManaged,4096,0,0.00,114.28,0.00,599771.88,101161.18,0.00
2,cudaMallocManaged,128,8,0.00,66.77,0.00,16266.37,3127.24,0.00
2,cudaMalloc,4096,5,0.00,309.14,0.00,0.00,1549.83,0.00
2,cudaMallocManaged,128,1,0.00,50.13,0.00,42736.72,14748.30,0.00
2,cudaMalloc,1024,1,0.00,275.94,0.00,0.00,457.81,0.00
2,cudaMallocManaged,4096,4,0.00,38.92,0.00,569790.24,101286.28,0.00
2,cudaMallocManaged,4096,2,0.00,69.06,0.00,572557.36,106488.04,0.00
2,vmm,32,7,19.14,95.09,118.24,0.00,101.27,6.09
2,cudaMalloc,2,6,0.00,103.24,0.00,0.00,55.32,0.00
2,cudaMallocManaged,512,5,0.00,65.32,0.00,68537.32,13613.48,0.00
2,cudaMallocManaged,32,3,0.00,96.11,0.00,4532.73,872.13,0.00
2,cudaMalloc,1024,7,0.00,261.37,0.00,0.00,465.86,0.00
2,cudaMallocManaged,1024,7,0.00,36.70,0.00,138487.62,27039.50,0.00
2,vmm,8,5,10.33,104.35,116.75,0.00,93.49,1.98
2,cudaMallocManaged,8,7,0.00,104.02,0.00,1979.35,245.27,0.00
2,cudaMallocManaged,1024,3,0.00,34.62,0.00,139222.08,26823.39,0.00
2,cudaMalloc,2048,8,0.00,329.86,0.00,0.00,863.87,0.00
2,vmm,1024,7,27.19,90.78,1782.33,0.00,2528.14,8.56
2,vmm,2,6,1.82,403.21,1046.71,0.00,1081.71,0.85
2,cudaMalloc,512,5,0.00,359.71,0.00,0.00,268.74,0.00
2,cudaMallocManaged,2,8,0.00,67.34,0.00,796.41,163.98,0.00
2,cudaMalloc,8,2,0.00,167.70,0.00,0.00,85.46,0.00
2,cudaMallocManaged,128,6,0.00,49.40,0.00,18687.62,3331.44,0.00
2,cudaMalloc,2,0,0.00,136.48,0.00,0.00,69.93,0.00
2,vmm,4096,5,14.88,65.68,240.37,0.00,1532.76,6.87
2,cudaMalloc,2,7,0.00,843.89,0.00,0.00,1080.12,0.00
2,cudaMalloc,2,9,0.00,806.92,0.00,0.00,1078.57,0.00
2,vmm,4096,1,21.68,12099.36,309.45,0.00,1577.33,18.43
2,vmm,8,8,12.37,114.23,689.54,0.00,1149.18,3.03
2,vmm,2,7,9.37,79.09,644.84,0.00,1119.69,1.36
2,vmm,1024,8,24.61,55.14,1749.48,0.00,2509.45,9.37
2,vmm,1024,3,21.95,825.88,1680.24,0.00,1324.67,9.83
2,cudaMalloc,512,0,0.00,352.28,0.00,0.00,261.24,0.00
2,cudaMalloc,128,1,0.00,168.30,0.00,0.00,94.57,0.00
2,vmm,4096,9,9.29,69.52,232.68,0.00,1570.63,5.89
2,vmm,128,4,9.17,46.09,1830.67,0.00,2187.59,6.14
2,cudaMallocManaged,2048,0,0.00,44.18,0.00,294302.78,50342.73,0.00
2,vmm,2048,4,10.19,61.27,139.60,0.00,794.53,5.10
2,vmm,8,9,1.01,22.11,835.87,0.00,1077.91,0.64
2,cudaMalloc,512,9,0.00,472.56,0.00,0.00,235.51,0.00
2,cudaMallocManaged,32,2,0.00,52.69,0.00,4554.89,889.98,0.00
2,vmm,8,2,2.50,43.21,51.09,0.00,50.15,0.96
2,cudaMallocManaged,32,0,0.00,22.73,0.00,4866.60,758.21,0.00
2,cudaMalloc,4096,2,0.00,3351.36,0.00,0.00,1531.54,0.00
2,cudaMalloc,128,4,0.00,824.97,0.00,0.00,1151.34,0.00
2,cudaMallocManaged,2048,9,0.00,50.15,0.00,294471.13,50398.72,0.00
2,cudaMallocManaged,1024,2,0.00,64.18,0.00,136407.84,24883.88,0.00
2,cudaMalloc,128,7,0.00,128.37,0.00,0.00,111.40,0.00
2,vmm,32,6,9.06,53.58,56.43,0.00,56.98,4.57
2,cudaMalloc,32,2,0.00,110.82,0.00,0.00,62.61,0.00
2,vmm,128,1,7.38,35.88,68.24,0.00,100.49,4.46
2,cudaMallocManaged,1024,6,0.00,28.86,0.00,138652.14,25797.26,0.00
2,vmm,32,1,14.31,58.83,76.41,0.00,74.21,4.89
2,cudaMalloc,128,2,0.00,98.35,0.00,0.00,108.43,0.00
2,vmm,128,3,9.64,60.19,61.78,0.00,98.36,4.85
2,cudaMallocManaged,512,1,0.00,34.81,0.00,70253.12,13459.66,0.00
2,cudaMalloc,32,3,0.00,193.74,0.00,0.00,107.84,0.00
2,cudaMallocManaged,2,1,0.00,49.95,0.00,805.43,55.72,0.00
2,vmm,512,8,9.28,49.38,101.16,0.00,250.22,5.36
2,vmm,512,1,4.40,119.43,69.61,0.00,237.85,3.72
2,cudaMallocManaged,2048,1,0.00,22.18,0.00,285073.32,51032.10,0.00
2,cudaMallocManaged,512,9,0.00,72.58,0.00,66858.74,12401.67,0.00
2,vmm,32,4,15.22,75.16,103.24,0.00,96.49,5.95
2,cudaMalloc,32,1,0.00,86.84,0.00,0.00,65.76,0.00
2,vmm,2,4,5.66,101.78,105.22,0.00,73.39,2.03
2,vmm,2,5,5.77,81.28,88.08,0.00,71.05,2.00
2,cudaMalloc,32,4,0.00,197.21,0.00,0.00,91.48,0.00
2,cudaMallocManaged,1024,0,0.00,50.68,0.00,140630.38,26778.69,0.00
2,vmm,2048,9,19.25,94.94,191.21,0.00,824.72,6.78
2,vmm,1024,9,5.08,33.47,1908.80,0.00,2507.41,4.26
2,vmm,1024,6,4.43,410.19,1145.92,0.00,2505.89,4.04
2,vmm,128,0,3.86,210.70,1333.69,0.00,2183.04,3.73
2,vmm,128,5,31.15,511.83,99.26,0.00,118.27,6.02
2,cudaMallocManaged,8,3,0.00,63.79,0.00,2067.34,241.28,0.00
2,cudaMallocManaged,1024,8,0.00,17.37,0.00,140259.68,26845.28,0.00
2,cudaMallocManaged,1024,1,0.00,76.08,0.00,140843.03,24986.21,0.00
2,cudaMalloc,32,8,0.00,171.87,0.00,0.00,95.53,0.00
2,cudaMallocManaged,2048,3,0.00,54.20,0.00,279000.45,49983.98,0.00
2,cudaMallocManaged,2048,7,0.00,37.79,0.00,286210.45,50802.11,0.00
2,vmm,2048,6,12.11,63.58,151.92,0.00,796.35,5.20
2,cudaMalloc,4096,9,0.00,20571.99,0.00,0.00,2040.70,0.00
2,cudaMalloc,128,9,0.00,418.77,0.00,0.00,1138.46,0.00
2,vmm,8,6,4.00,387.48,426.60,0.00,1084.20,0.99
2,cudaMallocManaged,128,3,0.00,65.74,0.00,22324.27,3109.54,0.00
2,cudaMalloc,128,5,0.00,3797.38,0.00,0.00,232.09,0.00
2,vmm,128,2,7.64,55.85,57.70,0.00,89.71,4.49
2,cudaMalloc,512,4,0.00,124.88,0.00,0.00,232.19,0.00
2,cudaMalloc,1024,6,0.00,260.66,0.00,0.00,432.52,0.00
2,cudaMallocManaged,32,4,0.00,33.47,0.00,4366.29,1035.38,0.00
2,cudaMallocManaged,1024,4,0.00,18.75,0.00,141433.64,25678.34,0.00
2,cudaMalloc,1024,3,0.00,206.93,0.00,0.00,449.91,0.00
2,vmm,512,0,10.72,230.42,81.18,0.00,241.15,5.75
2,vmm,1024,4,58.37,198.54,116.68,0.00,414.47,4.29
2,vmm,2048,3,8.91,228.86,119.88,0.00,780.58,4.53
2,cudaMallocManaged,2,2,0.00,48.91,0.00,4011.18,1067.18,0.00
2,cudaMalloc,1024,9,0.00,520.80,0.00,0.00,433.34,0.00
2,cudaMalloc,4096,1,0.00,452.92,0.00,0.00,1786.38,0.00
2,cudaMallocManaged,2048,4,0.00,61.86,0.00,323443.08,61854.06,0.00
2,cudaMallocManaged,128,9,0.00,100.83,0.00,17451.84,3519.75,0.00
2,cudaMalloc,8,0,0.00,295.60,0.00,0.00,105.76,0.00
2,vmm,512,9,85.08,143.65,217.57,0.00,300.21,9.54
2,cudaMallocManaged,2,0,0.00,134.18,0.00,655.13,204.00,0.00
2,vmm,4096,8,32.15,213.89,372.69,0.00,1602.92,20.25
2,cudaMalloc,1024,2,0.00,1953.62,0.00,0.00,2540.57,0.00
2,cudaMallocManaged,128,5,0.00,94.88,0.00,42137.54,8664.17,0.00
2,cudaMallocManaged,128,2,0.00,93.05,0.00,17759.97,3388.62,0.00
2,cudaMallocManaged,8,5,0.00,108.08,0.00,3533.74,342.01,0.00
2,cudaMallocManaged,32,1,0.00,112.38,0.00,5458.22,1039.13,0.00
2,cudaMalloc,4096,3,0.00,341.13,0.00,0.00,1647.32,0.00
2,cudaMallocManaged,128,4,0.00,87.29,0.00,44430.00,12616.29,0.00
2,cudaMallocManaged,4096,3,0.00,71.17,0.00,582814.61,110535.14,0.00
2,cudaMallocManaged,32,7,0.00,110.24,0.00,4470.87,856.66,0.00
2,cudaMallocManaged,128,0,0.00,53.90,0.00,16951.24,3455.82,0.00
2,cudaMallocManaged,8,9,0.00,42.24,0.00,1686.35,226.54,0.00
2,vmm,4096,3,34.56,185.57,379.34,0.00,1587.87,18.79
2,vmm,1024,1,35.34,257.60,1660.36,0.00,2520.33,6.55
2,cudaMalloc,32,0,0.00,516.38,0.00,0.00,1111.70,0.00
2,cudaMallocManaged,4096,8,0.00,71.33,0.00,596170.18,113479.97,0.00
2,cudaMalloc,8,6,0.00,293.37,0.00,0.00,106.01,0.00
2,cudaMalloc,128,3,0.00,173.53,0.00,0.00,129.19,0.00
2,vmm,2048,5,19.25,118.45,253.10,0.00,819.03,6.67
2,cudaMallocManaged,32,6,0.00,96.74,0.00,9393.04,8205.26,0.00
2,cudaMallocManaged,2,3,0.00,102.11,0.00,538.51,81.75,0.00
2,cudaMalloc,512,8,0.00,314.17,0.00,0.00,299.82,0.00
2,cudaMalloc,128,0,0.00,364.43,0.00,0.00,152.23,0.00
2,cudaMallocManaged,2,6,0.00,83.70,0.00,500.93,103.64,0.00
2,cudaMalloc,32,5,0.00,152.65,0.00,0.00,79.48,0.00
2,vmm,8,1,6.32,76.11,124.19,0.00,75.41,3.32
2,vmm,32,9,16.00,68.02,99.43,0.00,89.84,6.98
2,cudaMalloc,8,1,0.00,421.26,0.00,0.00,106.64,0.00
2,vmm,32,5,26.47,92.31,291.97,0.00,103.14,8.80
2,cudaMalloc,32,6,0.00,184.44,0.00,0.00,81.66,0.00
2,vmm,2,8,6.78,79.37,86.44,0.00,60.21,1.37
2,cudaMalloc,4096,6,0.00,4906.97,0.00,0.00,1610.20,0.00
2,cudaMallocManaged,512,3,0.00,71.09,0.00,102084.70,12676.50,0.00
2,cudaMalloc,128,8,0.00,158.62,0.00,0.00,118.65,0.00
2,cudaMallocManaged,1024,9,0.00,54.36,0.00,151837.36,25601.64,0.00
2,vmm,2,0,7.68,84.56,73.77,0.00,67.87,1.63
2,cudaMalloc,2048,0,0.00,273.50,0.00,0.00,819.08,0.00
2,cudaMalloc,8,7,0.00,936.47,0.00,0.00,1090.62,0.00
2,vmm,128,8,19.48,469.03,91.59,0.00,132.03,8.64
2,cudaMallocManaged,512,8,0.00,69.56,0.00,73282.61,12670.03,0.00
2,cudaMalloc,512,7,0.00,199.51,0.00,0.00,259.44,0.00
2,cudaMallocManaged,2,5,0.00,55.40,0.00,675.85,57.90,0.00
2,cudaMalloc,512,6,0.00,283.53,0.00,0.00,296.40,0.00
2,vmm,1024,5,12.92,160.90,130.82,0.00,426.65,6.38
2,cudaMallocManaged,4096,9,0.00,68.86,0.00,632063.29,101253.39,0.00
2,vmm,512,2,13.94,72.26,106.25,0.00,266.44,6.66
2,vmm,2048,2,12.74,156.46,148.27,0.00,876.60,5.85
2,vmm,2,1,4.53,57.55,862.55,0.00,1092.33,1.20
2,vmm,128,9,15.51,482.51,94.28,0.00,101.72,7.09
2,vmm,8,0,1.91,74.59,62.62,0.00,47.83,0.87
2,vmm,512,5,11.91,64.20,98.91,0.00,247.54,6.49
2,cudaMallocManaged,2048,6,0.00,71.18,0.00,302536.76,51350.26,0.00
2,cudaMallocManaged,512,6,0.00,70.06,0.00,80430.68,12838.30,0.00
2,vmm,1024,0,22.01,91.91,134.44,0.00,466.27,14.27
2,vmm,2,9,8.12,292.32,81.85,0.00,62.90,1.48
2,vmm,128,7,22.88,73.10,98.25,0.00,116.71,8.29
2,cudaMalloc,8,5,0.00,199.36,0.00,0.00,84.49,0.00
2,cudaMalloc,8,4,0.00,167.42,0.00,0.00,85.71,0.00
2,cudaMalloc,8,3,0.00,176.41,0.00,0.00,86.92,0.00
2,cudaMallocManaged,512,0,0.00,66.56,0.00,69734.66,12603.45,0.00
2,cudaMallocManaged,32,5,0.00,54.15,0.00,4005.77,785.50,0.00
2,vmm,1024,2,17.80,77.92,132.48,0.00,436.33,9.98
2,cudaMalloc,1024,0,0.00,391.67,0.00,0.00,455.11,0.00
2,cudaMalloc,2,2,0.00,298.64,0.00,0.00,52.20,0.00
2,cudaMalloc,2048,7,0.00,161.81,0.00,0.00,787.59,0.00
2,vmm,32,2,11.53,36.53,1956.65,0.00,2151.07,5.64
2,cudaMallocManaged,512,7,0.00,29.62,0.00,68807.52,12519.60,0.00
2,vmm,128,6,7.47,50.80,72.94,0.00,108.03,4.36
2,cudaMallocManaged,32,8,0.00,31.00,0.00,5236.48,854.62,0.00
2,vmm,32,8,15.51,65.26,92.77,0.00,89.81,4.96
2,cudaMalloc,128,6,0.00,81.54,0.00,0.00,99.20,0.00
2,vmm,8,7,1.21,45.97,37.17,0.00,38.68,0.75
2,cudaMalloc,4096,0,0.00,262.03,0.00,0.00,1537.69,0.00
2,cudaMallocManaged,32,9,0.00,50.34,0.00,12611.22,16915.90,0.00
2,cudaMalloc,2,4,0.00,956.57,0.00,0.00,1096.45,0.00
2,cudaMalloc,4096,7,0.00,1340.64,0.00,0.00,1635.65,0.00
2,vmm,512,6,15.39,71.58,1909.89,0.00,2339.98,7.64
2,cudaMalloc,2,1,0.00,716.28,0.00,0.00,1085.28,0.00
2,cudaMallocManaged,2,9,0.00,54.46,0.00,4019.66,1081.91,0.00
2,cudaMalloc,2048,3,0.00,1195.21,0.00,0.00,887.86,0.00
2,cudaMallocManaged,128,7,0.00,74.56,0.00,24370.70,3878.43,0.00
2,vmm,32,0,20.70,91.05,132.67,0.00,98.90,6.19
2,vmm,2,2,4.09,70.15,91.38,0.00,71.99,1.70
2,vmm,8,4,17.54,134.25,118.34,0.00,91.72,2.32
2,cudaMalloc,2048,2,0.00,370.76,0.00,0.00,837.66,0.00
2,vmm,4096,0,12.59,18576.74,640.95,0.00,1578.58,15.66
2,cudaMallocManaged,512,4,0.00,79.41,0.00,99682.48,13688.92,0.00
2,cudaMallocManaged,8,1,0.00,63.06,0.00,1955.71,210.05,0.00
2,cudaMalloc,4096,8,0.00,470.95,0.00,0.00,1574.00,0.00
2,cudaMalloc,512,1,0.00,1998.26,0.00,0.00,2340.17,0.00
2,cudaMallocManaged,8,4,0.00,45.14,0.00,7025.02,4239.24,0.00
2,cudaMalloc,2048,5,0.00,2015.51,0.00,0.00,2885.64,0.00
2,cudaMalloc,32,9,0.00,186.28,0.00,0.00,1099.68,0.00
2,cudaMalloc,2,3,0.00,470.66,0.00,0.00,50.58,0.00
2,cudaMallocManaged,4096,6,0.00,55.74,0.00,572712.05,108702.72,0.00
2,cudaMallocManaged,8,2,0.00,84.54,0.00,1852.88,226.63,0.00
2,cudaMalloc,32,7,0.00,169.38,0.00,0.00,95.80,0.00
2,cudaMalloc,512,2,0.00,140.98,0.00,0.00,244.01,0.00
2,vmm,2048,7,23.29,200.28,254.56,0.00,820.78,9.02
2,cudaMallocManaged,2048,2,0.00,68.12,0.00,296119.32,54750.20,0.00
2,cudaMallocManaged,4096,1,0.00,75.04,0.00,597713.87,109420.24,0.00
2,vmm,4096,4,16.17,127.04,415.96,0.00,1563.44,6.53
2,cudaMalloc,2048,6,0.00,58629.03,0.00,0.00,1428.30,0.00
2,cudaMalloc,8,8,0.00,942.94,0.00,0.00,1097.11,0.00
2,vmm,512,3,20.19,455.06,135.84,0.00,251.43,9.29
2,cudaMalloc,512,3,0.00,279.27,0.00,0.00,255.38,0.00
2,cudaMalloc,1024,4,0.00,330.28,0.00,0.00,433.84,0.00
2,cudaMallocManaged,8,8,0.00,44.73,0.00,2355.91,213.81,0.00
2,cudaMalloc,1024,5,0.00,192.69,0.00,0.00,433.04,0.00
2,cudaMallocManaged,2048,8,0.00,78.72,0.00,287167.19,55251.47,0.00
2,vmm,4096,6,13.82,5106.51,442.50,0.00,1578.25,6.86
2,vmm,4096,2,6.17,54960.66,5358.67,0.00,1688.46,27.17
2,cudaMallocManaged,512,2,0.00,87.66,0.00,99372.29,13796.59,0.00
2,cudaMalloc,2,8,0.00,270.68,0.00,0.00,102.48,0.00
2,cudaMallocManaged,4096,7,0.00,111.98,0.00,614990.82,109637.68,0.00
2,cudaMalloc,1024,8,0.00,224.66,0.00,0.00,447.50,0.00
2,cudaMalloc,2048,4,0.00,544.52,0.00,0.00,1109.39,0.00
2,vmm,2048,0,22.65,108.30,1890.45,0.00,3201.38,19.26
2,cudaMalloc,2048,1,0.00,1973.49,0.00,0.00,3621.20,0.00
2,vmm,512,7,24.72,106.65,1418.36,0.00,3121.12,14.52
3,cudaMallocManaged,2048,1,0.00,35.14,0.00,332001.65,50144.84,0.00
3,vmm,2048,9,20.78,81.48,164.24,0.00,808.62,10.83
3,cudaMallocManaged,128,8,0.00,72.77,0.00,27610.46,3304.30,0.00
3,cudaMallocManaged,4096,4,0.00,63.28,0.00,603891.95,108029.65,0.00
3,cudaMallocManaged,1024,9,0.00,82.81,0.00,140638.31,25279.79,0.00
3,vmm,4096,3,40.79,142.42,377.71,0.00,2649.86,26.67
3,cudaMallocManaged,512,5,0.00,68.42,0.00,94381.73,12761.43,0.00
3,cudaMalloc,128,0,0.00,162.45,0.00,0.00,117.38,0.00
3,cudaMalloc,8,8,0.00,190.43,0.00,0.00,58.61,0.00
3,vmm,2048,1,14.79,43.79,137.40,0.00,800.63,6.71
3,cudaMalloc,1024,0,0.00,2040.48,0.00,0.00,2540.17,0.00
3,cudaMallocManaged,512,1,0.00,48.33,0.00,74395.14,13837.95,0.00
3,cudaMalloc,2,9,0.00,258.06,0.00,0.00,117.81,0.00
3,vmm,512,6,33.18,123.87,160.36,0.00,279.74,9.69
3,vmm,128,8,36.43,200.51,142.93,0.00,149.63,10.70
3,cudaMalloc,8,6,0.00,181.93,0.00,0.00,77.07,0.00
3,cudaMalloc,128,6,0.00,178.51,0.00,0.00,139.28,0.00
3,cudaMallocManaged,2048,9,0.00,91.55,0.00,325971.41,52333.91,0.00
3,vmm,1024,2,17.16,74.74,126.27,0.00,444.33,5.70
3,cudaMalloc,1024,4,0.00,426.69,0.00,0.00,450.92,0.00
3,cudaMalloc,512,4,0.00,508.50,0.00,0.00,315.85,0.00
3,cudaMallocManaged,32,9,0.00,67.02,0.00,4456.09,890.35,0.00
3,cudaMallocManaged,2,0,0.00,63.17,0.00,379.49,52.81,0.00
3,cudaMallocManaged,2048,3,0.00,65.83,0.00,291177.04,54074.10,0.00
3,cudaMallocManaged,32,8,0.00,56.15,0.00,4637.46,835.47,0.00
3,cudaMallocManaged,8,0,0.00,27.12,0.00,1695.53,204.77,0.00
3,cudaMalloc,1024,5,0.00,230.30,0.00,0.00,461.31,0.00
3,cudaMallocManaged,32,6,0.00,18.09,0.00,4791.02,1022.23,0.00
3,cudaMalloc,8,9,0.00,513.74,0.00,0.00,67.39,0.00
3,cudaMalloc,1024,8,0.00,146.12,0.00,0.00,425.50,0.00
3,cudaMalloc,4096,4,0.00,3490.69,0.00,0.00,1534.75,0.00
3,cudaMalloc,4096,6,0.00,61894.18,0.00,0.00,2122.43,0.00
3,cudaMallocManaged,32,4,0.00,44.82,0.00,10535.61,16947.20,0.00
3,cudaMallocManaged,4096,9,0.00,43.57,0.00,568569.96,108984.68,0.00
3,vmm,2048,7,17.44,113.39,251.00,0.00,832.22,6.26
3,vmm,8,4,2.69,38.71,927.99,0.00,1093.32,0.95
3,cudaMalloc,2048,5,0.00,599.26,0.00,0.00,823.74,0.00
3,cudaMalloc,2,2,0.00,973.37,0.00,0.00,1084.21,0.00
3,cudaMalloc,2048,8,0.00,608.67,0.00,0.00,792.86,0.00
3,cudaMallocManaged,2,8,0.00,122.74,0.00,4021.11,1082.83,0.00
3,cudaMallocManaged,512,7,0.00,33.66,0.00,71256.40,13486.36,0.00
3,vmm,512,7,10.74,70.71,120.29,0.00,265.51,5.05
3,vmm,8,1,1.17,119.70,41.36,0.00,43.37,0.66
3,cudaMallocManaged,128,2,0.00,38.54,0.00,16722.77,3356.26,0.00
3,cudaMalloc,8,5,0.00,87.42,0.00,0.00,52.89,0.00
3,vmm,2,8,1.37,25.23,37.01,0.00,39.80,0.88
3,cudaMalloc,128,1,0.00,70.38,0.00,0.00,95.89,0.00
3,cudaMalloc,8,3,0.00,88.86,0.00,0.00,45.23,0.00
3,cudaMalloc,32,0,0.00,88.25,0.00,0.00,60.82,0.00
3,vmm,32,3,10.76,36.78,61.32,0.00,62.18,4.62
3,vmm,8,2,0.95,28.95,36.38,0.00,47.19,0.61
3,vmm,2048,5,53.61,245.01,797.49,0.00,816.76,8.35
3,cudaMallocManaged,4096,7,0.00,78.21,0.00,598778.45,109268.05,0.00
3,vmm,128,2,16.91,105.32,130.31,0.00,139.83,5.73
3,cudaMallocManaged,128,9,0.00,67.29,0.00,16148.11,3363.98,0.00
3,cudaMallocManaged,4096,2,0.00,49.94,0.00,583387.80,109345.00,0.00
3,cudaMalloc,2,8,0.00,212.48,0.00,0.00,97.66,0.00
3,cudaMalloc,2048,2,0.00,237.03,0.00,0.00,795.25,0.00
3,vmm,512,5,15.51,56.51,1971.21,0.00,2342.78,7.95
3,cudaMallocManaged,2048,2,0.00,57.16,0.00,284787.96,54830.06,0.00
3,cudaMallocManaged,512,9,0.00,83.88,0.00,72003.92,13557.75,0.00
3,cudaMalloc,32,7,0.00,352.48,0.00,0.00,159.67,0.00
3,vmm,2,5,7.25,67.92,86.00,0.00,68.89,1.63
3,cudaMalloc,32,5,0.00,149.51,0.00,0.00,85.52,0.00
3,cudaMallocManaged,1024,3,0.00,36.34,0.00,148074.13,25257.81,0.00
3,vmm,2,0,13.09,123.14,142.80,0.00,91.59,1.69
3,cudaMalloc,1024,1,0.00,332.38,0.00,0.00,656.46,0.00
3,cudaMalloc,512,6,0.00,505.52,0.00,0.00,294.77,0.00
3,cudaMallocManaged,512,3,0.00,71.09,0.00,74916.48,13882.65,0.00
3,cudaMalloc,4096,0,0.00,653.10,0.00,0.00,1842.86,0.00
3,cudaMalloc,128,4,0.00,878.30,0.00,0.00,1169.79,0.00
3,cudaMallocManaged,128,5,0.00,79.32,0.00,35160.06,4184.24,0.00
3,vmm,128,4,11.14,70.63,118.88,0.00,129.82,5.56
3,cudaMalloc,1024,6,0.00,546.53,0.00,0.00,894.85,0.00
3,cudaMalloc,2,7,0.00,404.62,0.00,0.00,87.88,0.00
3,vmm,4096,8,26.43,56.90,236.86,0.00,1550.53,15.03
3,cudaMalloc,1024,7,0.00,2039.98,0.00,0.00,2543.49,0.00
3,vmm,2,4,6.96,74.80,446.37,0.00,1106.47,1.69
3,cudaMallocManaged,32,0,0.00,134.31,0.00,11502.93,14234.22,0.00
3,vmm,4096,7,129.23,880.77,1253.81,0.00,1952.96,20.86
3,vmm,2048,2,40.14,55074.99,1323.80,0.00,1780.07,20.64
3,vmm,512,3,23.80,105.42,1895.14,0.00,2719.77,27.01
3,cudaMallocManaged,128,4,0.00,68.21,0.00,22181.45,4971.70,0.00
3,vmm,8,3,11.90,94.07,83.09,0.00,78.72,1.88
3,vmm,32,5,23.09,89.07,101.05,0.00,84.82,9.97
3,vmm,2,9,7.50,84.82,87.06,0.00,69.14,1.66
3,cudaMalloc,2048,6,0.00,273.80,0.00,0.00,984.20,0.00
3,cudaMalloc,1024,9,0.00,3085.40,0.00,0.00,2538.79,0.00
3,cudaMalloc,2048,9,0.00,2667.15,0.00,0.00,2950.34,0.00
3,vmm,128,6,19.52,264.17,1957.07,0.00,2274.13,10.04
3,vmm,512,9,13.74,475.70,108.35,0.00,254.58,7.81
3,vmm,2,2,4.74,167.43,81.41,0.00,71.56,0.92
3,cudaMalloc,1024,2,0.00,208.18,0.00,0.00,458.71,0.00
3,cudaMalloc,8,0,0.00,344.68,0.00,0.00,74.30,0.00
3,cudaMallocManaged,2048,4,0.00,71.80,0.00,332502.00,51774.71,0.00
3,cudaMallocManaged,128,3,0.00,69.04,0.00,17585.25,3309.25,0.00
3,cudaMalloc,512,7,0.00,196.81,0.00,0.00,272.86,0.00
3,vmm,1024,8,22.67,181.77,137.23,0.00,443.85,8.08
3,cudaMalloc,4096,7,0.00,488.37,0.00,0.00,1576.28,0.00
3,cudaMallocManaged,128,0,0.00,60.68,0.00,42569.28,15022.86,0.00
3,cudaMallocManaged,2,5,0.00,99.89,0.00,471.93,106.51,0.00
3,cudaMalloc,512,5,0.00,332.27,0.00,0.00,273.43,0.00
3,cudaMalloc,32,2,0.00,318.31,0.00,0.00,159.51,0.00
3,vmm,8,5,8.35,81.59,86.98,0.00,67.97,1.54
3,vmm,1024,6,18.50,81.24,124.35,0.00,429.64,6.89
3,vmm,4096,0,15.43,289.28,234.96,0.00,1570.32,13.12
3,cudaMalloc,128,8,0.00,986.91,0.00,0.00,1136.43,0.00
3,vmm,512,8,15.99,77.79,1825.10,0.00,2361.97,8.87
3,vmm,32,4,9.31,31.33,1734.54,0.00,2156.55,5.55
3,cudaMallocManaged,128,6,0.00,40.72,0.00,16815.20,3147.69,0.00
3,vmm,128,7,37.74,83.25,112.11,0.00,117.91,9.17
3,cudaMallocManaged,8,2,0.00,43.32,0.00,2000.30,220.04,0.00
3,cudaMallocManaged,1024,2,0.00,39.53,0.00,145779.68,25834.31,0.00
3,cudaMallocManaged,4096,1,0.00,54.22,0.00,622523.58,110075.46,0.00
3,cudaMallocManaged,32,1,0.00,70.35,0.00,5233.31,811.77,0.00
3,cudaMallocManaged,2048,6,0.00,87.62,0.00,301229.11,50699.69,0.00
3,vmm,8,8,7.79,74.73,77.74,0.00,62.29,1.38
3,vmm,2048,6,19.96,66.75,152.79,0.00,799.42,8.49
3,cudaMallocManaged,512,0,0.00,73.52,0.00,77956.36,12698.98,0.00
3,vmm,2,3,5.54,62.47,66.69,0.00,57.96,0.95
3,cudaMalloc,2048,1,0.00,204.34,0.00,0.00,799.62,0.00
3,vmm,32,2,37.93,134.64,1874.36,0.00,2381.06,23.82
3,cudaMallocManaged,32,5,0.00,92.90,0.00,11354.29,879.79,0.00
3,cudaMalloc,4096,3,0.00,471.90,0.00,0.00,1596.12,0.00
3,vmm,1024,3,13.36,40.44,1988.67,0.00,2515.62,4.99
3,cudaMalloc,512,2,0.00,33138.11,0.00,0.00,2369.86,0.00
3,vmm,128,3,18.53,231.18,104.48,0.00,195.36,12.56
3,cudaMalloc,512,9,0.00,141.15,0.00,0.00,238.44,0.00
3,cudaMallocManaged,1024,1,0.00,47.02,0.00,141376.50,27428.25,0.00
3,cudaMallocManaged,32,7,0.00,102.84,0.00,4048.11,862.35,0.00
3,cudaMalloc,2,5,0.00,219.87,0.00,0.00,95.49,0.00
3,cudaMallocManaged,32,3,0.00,116.39,0.00,4886.22,880.28,0.00
3,cudaMallocManaged,8,4,0.00,74.65,0.00,1143.49,232.32,0.00
3,cudaMalloc,512,0,0.00,256.93,0.00,0.00,286.87,0.00
3,cudaMalloc,4096,9,0.00,472.45,0.00,0.00,1705.91,0.00
3,cudaMalloc,2048,0,0.00,55984.57,0.00,0.00,998.66,0.00
3,cudaMallocManaged,2,6,0.00,118.76,0.00,3992.65,1100.98,0.00
3,vmm,32,1,14.43,452.66,105.89,0.00,93.93,5.99
3,cudaMalloc,128,9,0.00,2631.45,0.00,0.00,271.33,0.00
3,cudaMalloc,8,1,0.00,114.37,0.00,0.00,54.38,0.00
3,cudaMalloc,4096,5,0.00,272.46,0.00,0.00,1549.17,0.00
3,cudaMallocManaged,8,9,0.00,59.83,0.00,7268.54,4252.48,0.00
3,vmm,4096,9,10.97,23702.43,2632.22,0.00,1885.48,28.25
3,vmm,1024,9,17.25,65.80,1931.57,0.00,2531.78,6.16
3,cudaMalloc,4096,8,0.00,53482.23,0.00,0.00,1698.67,0.00
3,cudaMallocManaged,1024,7,0.00,47.00,0.00,165884.98,26875.47,0.00
3,cudaMalloc,512,1,0.00,176.26,0.00,0.00,265.79,0.00
3,cudaMalloc,32,6,0.00,165.40,0.00,0.00,57.51,0.00
3,vmm,1024,4,7.62,36.84,98.92,0.00,419.16,4.80
3,vmm,4096,1,8.62,237.70,225.25,0.00,1532.92,5.04
3,cudaMalloc,8,4,0.00,979.87,0.00,0.00,1080.46,0.00
3,cudaMallocManaged,2,9,0.00,37.95,0.00,4084.69,1075.80,0.00
3,cudaMallocManaged,8,3,0.00,38.83,0.00,5984.86,978.24,0.00
3,cudaMalloc,128,2,0.00,107.77,0.00,0.00,106.17,0.00
3,vmm,512,2,12.36,82.59,101.89,0.00,245.91,5.08
3,vmm,32,0,10.60,128.40,63.62,0.00,66.50,4.33
3,cudaMallocManaged,2,3,0.00,48.60,0.00,754.25,67.40,0.00
3,cudaMallocManaged,8,6,0.00,24.17,0.00,1799.40,204.77,0.00
3,vmm,2,7,2.14,34.58,49.02,0.00,49.28,0.75
3,vmm,2048,4,10.08,39.68,135.07,0.00,799.07,5.64
3,cudaMallocManaged,128,7,0.00,33.69,0.00,26706.17,3796.20,0.00
3,vmm,4096,2,10.71,69.65,250.03,0.00,1553.38,5.62
3,vmm,32,6,8.31,24.47,1998.05,0.00,2155.09,4.01
3,vmm,4096,6,5.58,31657.62,332.18,0.00,1582.47,25.28
3,cudaMalloc,2,0,0.00,4123.18,0.00,0.00,1073.73,0.00
3,cudaMalloc,512,8,0.00,1991.87,0.00,0.00,2331.90,0.00
3,cudaMallocManaged,32,2,0.00,139.75,0.00,9225.17,4495.92,0.00
3,vmm,32,7,28.23,107.55,143.53,0.00,104.24,7.97
3,cudaMalloc,32,4,0.00,98.72,0.00,0.00,67.86,0.00
3,cudaMalloc,128,7,0.00,79.50,0.00,0.00,104.69,0.00
3,cudaMallocManaged,2048,7,0.00,33.42,0.00,282886.10,54493.76,0.00
3,vmm,2048,8,21.87,141.75,261.02,0.00,844.53,9.20
3,cudaMallocManaged,4096,8,0.00,83.36,0.00,606638.79,109706.04,0.00
3,cudaMallocManaged,2048,8,0.00,77.83,0.00,284273.62,54038.69,0.00
3,cudaMallocManaged,4096,6,0.00,62.38,0.00,583948.95,109184.16,0.00
3,cudaMalloc,2048,7,0.00,373.46,0.00,0.00,843.25,0.00
3,cudaMallocManaged,8,7,0.00,49.90,0.00,7279.18,4247.17,0.00
3,vmm,1024,0,11.09,476.68,176.71,0.00,446.29,6.21
3,cudaMallocManaged,512,8,0.00,47.33,0.00,69571.76,13770.31,0.00
3,vmm,2048,3,15.17,102.84,190.65,0.00,825.11,7.83
3,cudaMallocManaged,2,2,0.00,88.15,0.00,4051.36,1084.56,0.00
3,vmm,128,1,41.68,471.58,127.27,0.00,126.84,8.41
3,cudaMalloc,512,3,0.00,158.57,0.00,0.00,246.86,0.00
3,cudaMallocManaged,4096,3,0.00,43.16,0.00,582513.83,109841.72,0.00
3,cudaMallocManaged,2048,5,0.00,112.23,0.00,287036.85,55926.47,0.00
3,cudaMallocManaged,512,4,0.00,70.18,0.00,68574.43,14418.07,0.00
3,cudaMalloc,2048,4,0.00,347.94,0.00,0.00,839.17,0.00
3,vmm,128,5,10.02,31.56,2000.87,0.00,2191.65,5.33
3,cudaMallocManaged,1024,4,0.00,32.59,0.00,146849.15,29134.78,0.00
3,vmm,4096,4,17.72,159.72,393.56,0.00,1569.11,8.78
3,cudaMallocManaged,2,7,0.00,100.07,0.00,4037.61,1089.99,0.00
3,cudaMalloc,8,7,0.00,966.06,0.00,0.00,1106.06,0.00
3,vmm,128,9,34.38,121.31,1842.91,0.00,2203.79,12.57
3,cudaMalloc,1024,3,0.00,1101.31,0.00,0.00,473.57,0.00
3,vmm,2,1,12.40,255.53,80.85,0.00,64.50,1.72
3,cudaMalloc,32,3,0.00,137.92,0.00,0.00,75.46,0.00
3,cudaMalloc,4096,2,0.00,608.28,0.00,0.00,1565.44,0.00
3,vmm,1024,5,14.13,815.40,2262.57,0.00,2537.74,10.14
3,cudaMallocManaged,128,1,0.00,255.70,0.00,43359.28,6512.21,0.00
3,vmm,32,8,18.30,87.74,125.59,0.00,100.13,5.36
3,cudaMallocManaged,512,6,0.00,88.89,0.00,70483.26,13574.05,0.00
3,cudaMallocManaged,2,4,0.00,63.49,0.00,744.66,47.06,0.00
3,vmm,128,0,17.04,91.12,133.28,0.00,136.75,5.87
3,vmm,8,6,1.87,49.15,41.09,0.00,44.59,0.68
3,vmm,1024,7,5.21,35.94,93.16,0.00,420.52,4.20
3,vmm,512,1,3.86,212.43,73.05,0.00,232.70,3.62
3,cudaMallocManaged,2048,0,0.00,40.30,0.00,286519.75,54303.29,0.00
3,vmm,512,4,115.41,438.60,317.16,0.00,287.37,8.25
3,cudaMallocManaged,4096,0,0.00,69.15,0.00,592095.08,109701.74,0.00
3,cudaMallocManaged,4096,5,0.00,78.59,0.00,574609.14,116563.41,0.00
3,cudaMallocManaged,8,1,0.00,94.72,0.00,2100.37,229.41,0.00
3,cudaMalloc,128,5,0.00,202.08,0.00,0.00,151.94,0.00
3,cudaMallocManaged,8,5,0.00,30.64,0.00,1757.04,229.54,0.00
3,vmm,2,6,4.84,47.82,64.92,0.00,63.85,1.34
3,cudaMalloc,2,4,0.00,72.25,0.00,0.00,43.24,0.00
3,vmm,32,9,57.64,170.74,325.54,0.00,342.21,44.32
3,vmm,8,0,1.16,33.57,40.56,0.00,51.16,0.71
3,vmm,512,0,6.41,31.75,100.26,0.00,236.05,4.55
3,vmm,1024,1,4.08,124.82,128.63,0.00,419.00,4.47
3,cudaMalloc,128,3,0.00,270.22,0.00,0.00,98.24,0.00
3,cudaMalloc,2,3,0.00,88.36,0.00,0.00,40.56,0.00
3,cudaMalloc,4096,1,0.00,5115.76,0.00,0.00,3091.35,0.00
3,vmm,2048,0,12.30,56808.57,5788.77,0.00,1319.12,24.25
3,vmm,8,9,9.03,45.52,963.31,0.00,1098.03,1.25
3,cudaMalloc,2,1,0.00,479.86,0.00,0.00,57.11,0.00
3,cudaMallocManaged,1024,6,0.00,132.43,0.00,141742.65,28368.84,0.00
3,cudaMallocManaged,1024,5,0.00,72.56,0.00,144856.52,27484.24,0.00
3,vmm,4096,5,35.76,207.39,648.97,0.00,1609.73,11.06
3,cudaMalloc,32,8,0.00,1038.43,0.00,0.00,1126.46,0.00
3,vmm,8,7,8.05,61.47,887.28,0.00,1117.02,2.17
3,cudaMallocManaged,1024,0,0.00,73.75,0.00,145970.77,27364.44,0.00
3,cudaMallocManaged,512,2,0.00,80.80,0.00,69742.32,14178.88,0.00
3,cudaMalloc,32,1,0.00,181.68,0.00,0.00,99.39,0.00
3,cudaMalloc,2,6,0.00,84.44,0.00,0.00,44.47,0.00
3,cudaMalloc,32,9,0.00,70.93,0.00,0.00,55.70,0.00
3,cudaMalloc,2048,3,0.00,166.10,0.00,0.00,789.21,0.00
3,cudaMalloc,8,2,0.00,1039.09,0.00,0.00,1088.56,0.00
3,cudaMallocManaged,2,1,0.00,35.22,0.00,2413.91,295.96,0.00
3,cudaMallocManaged,8,8,0.00,23.09,0.00,2096.53,202.52,0.00
3,cudaMallocManaged,1024,8,0.00,23.56,0.00,141004.56,27097.29,0.00
4,cudaMallocManaged,2048,9,0.00,32.76,0.00,285943.40,54180.80,0.00
4,cudaMallocManaged,2,2,0.00,282.31,0.00,1179.60,61.13,0.00
4,cudaMalloc,2048,7,0.00,303.81,0.00,0.00,849.88,0.00
4,cudaMallocManaged,4096,7,0.00,40.98,0.00,597225.03,109028.31,0.00
4,vmm,1024,7,25.12,86.08,159.05,0.00,458.50,5.91
4,cudaMallocManaged,2048,5,0.00,53.69,0.00,292954.68,58503.36,0.00
4,vmm,32,5,21.74,83.93,133.27,0.00,106.51,15.09
4,cudaMallocManaged,32,0,0.00,176.04,0.00,7032.20,998.78,0.00
4,cudaMallocManaged,32,5,0.00,119.22,0.00,4731.03,912.41,0.00
4,vmm,128,8,25.62,107.37,154.85,0.00,319.73,24.84
4,cudaMalloc,32,5,0.00,277.02,0.00,0.00,130.07,0.00
4,cudaMallocManaged,128,9,0.00,93.42,0.00,18938.64,3502.76,0.00
4,vmm,128,3,26.01,133.23,140.48,0.00,146.47,6.86
4,cudaMalloc,8,1,0.00,221.16,0.00,0.00,124.19,0.00
4,cudaMallocManaged,1024,2,0.00,109.25,0.00,164962.65,29006.04,0.00
4,vmm,128,0,23.18,98.01,112.90,0.00,140.29,7.82
4,vmm,1024,8,22.86,131.78,161.49,0.00,619.17,17.70
4,cudaMalloc,2,4,0.00,378.01,0.00,0.00,71.71,0.00
4,cudaMallocManaged,32,8,0.00,62.78,0.00,4878.99,806.89,0.00
4,cudaMalloc,1024,7,0.00,226.84,0.00,0.00,476.12,0.00
4,vmm,2,3,4.72,310.06,62.66,0.00,54.95,1.55
4,vmm,1024,1,20.63,87.08,126.91,0.00,460.96,7.90
4,vmm,128,7,10.92,244.39,79.86,0.00,104.53,5.61
4,vmm,8,0,6.43,81.12,88.80,0.00,67.22,0.87
4,cudaMallocManaged,1024,1,0.00,58.78,0.00,156374.58,27294.10,0.00
4,cudaMalloc,2,6,0.00,237.32,0.00,0.00,98.54,0.00
4,cudaMallocManaged,2048,6,0.00,153.92,0.00,339360.10,52010.15,0.00
4,vmm,1024,5,13.73,81.32,137.93,0.00,479.16,6.01
4,cudaMallocManaged,2048,3,0.00,73.52,0.00,313617.82,51976.67,0.00
4,cudaMalloc,2,3,0.00,166.78,0.00,0.00,70.84,0.00
4,vmm,8,2,7.01,68.17,112.75,0.00,89.97,1.39
4,cudaMallocManaged,1024,8,0.00,58.13,0.00,148260.05,27468.90,0.00
4,cudaMalloc,2,8,0.00,200.44,0.00,0.00,74.95,0.00
4,cudaMallocManaged,32,9,0.00,68.17,0.00,5368.73,823.95,0.00
4,cudaMallocManaged,1024,0,0.00,70.38,0.00,161761.96,25636.48,0.00
4,cudaMallocManaged,2,0,0.00,71.09,0.00,697.13,75.93,0.00
4,cudaMalloc,2048,0,0.00,294.88,0.00,0.00,1084.05,0.00
4,vmm,2,6,5.21,66.01,941.56,0.00,1104.33,1.66
4,cudaMallocManaged,512,9,0.00,65.04,0.00,77372.61,13140.19,0.00
4,cudaMalloc,2,7,0.00,200.18,0.00,0.00,75.43,0.00
4,vmm,2048,0,21.53,97.27,201.33,0.00,1015.89,11.78
4,vmm,2,7,4.51,67.80,936.39,0.00,1125.86,1.68
4,cudaMallocManaged,8,4,0.00,68.85,0.00,1205.89,622.55,0.00
4,cudaMallocManaged,8,8,0.00,147.21,0.00,1276.47,208.61,0.00
4,cudaMalloc,128,2,0.00,223.64,0.00,0.00,143.78,0.00
4,cudaMalloc,128,4,0.00,235.87,0.00,0.00,137.33,0.00
4,cudaMalloc,32,3,0.00,205.98,0.00,0.00,82.50,0.00
4,vmm,32,8,16.44,71.66,99.64,0.00,84.70,6.04
4,vmm,512,6,21.83,99.78,123.65,0.00,315.58,9.21
4,vmm,128,4,17.53,178.58,95.24,0.00,128.72,7.43
4,cudaMalloc,8,6,0.00,201.75,0.00,0.00,70.82,0.00
4,cudaMalloc,4096,7,0.00,319.94,0.00,0.00,1602.08,0.00
4,vmm,512,9,13.20,73.60,2004.08,0.00,2365.24,9.39
4,cudaMallocManaged,8,3,0.00,64.52,0.00,8115.21,4252.10,0.00
4,cudaMalloc,32,1,0.00,1021.10,0.00,0.00,1111.23,0.00
4,cudaMalloc,8,0,0.00,264.74,0.00,0.00,100.90,0.00
4,cudaMallocManaged,4096,5,0.00,79.59,0.00,662772.19,105324.76,0.00
4,cudaMallocManaged,2,5,0.00,90.42,0.00,413.24,78.66,0.00
4,cudaMallocManaged,32,1,0.00,75.48,0.00,5143.80,901.05,0.00
4,cudaMallocManaged,4096,8,0.00,96.88,0.00,701431.68,104003.16,0.00
4,cudaMalloc,2,5,0.00,184.83,0.00,0.00,74.41,0.00
4,cudaMallocManaged,4096,2,0.00,70.59,0.00,760831.94,104083.37,0.00
4,vmm,128,5,20.58,90.06,106.71,0.00,135.82,8.16
4,vmm,2,0,22.02,206.29,166.53,0.00,130.37,1.88
4,cudaMalloc,4096,8,0.00,413.75,0.00,0.00,2023.18,0.00
4,cudaMalloc,32,4,0.00,1013.33,0.00,0.00,1142.43,0.00
4,vmm,8,6,7.75,86.66,831.75,0.00,1113.98,1.76
4,vmm,32,6,21.32,74.21,1925.58,0.00,2204.69,9.70
4,cudaMalloc,512,6,0.00,1065.37,0.00,0.00,295.28,0.00
4,cudaMallocManaged,8,9,0.00,47.67,0.00,1601.59,303.84,0.00
4,cudaMalloc,1024,0,0.00,202.90,0.00,0.00,482.02,0.00
4,vmm,2048,1,16.68,285.58,162.38,0.00,888.53,9.26
4,vmm,4096,0,23.22,17844.30,1257.58,0.00,1989.72,18.84
4,cudaMalloc,4096,6,0.00,54939.84,0.00,0.00,1790.95,0.00
4,vmm,512,4,21.97,79.81,1954.97,0.00,2383.21,16.88
4,cudaMalloc,1024,1,0.00,32300.34,0.00,0.00,2580.25,0.00
4,cudaMallocManaged,2048,4,0.00,87.75,0.00,346410.31,51708.21,0.00
4,cudaMalloc,2048,2,0.00,7052.50,0.00,0.00,1005.05,0.00
4,cudaMallocManaged,8,7,0.00,53.02,0.00,7309.51,4250.00,0.00
4,vmm,512,5,16.98,480.67,112.05,0.00,265.67,7.42
4,cudaMallocManaged,8,2,0.00,86.97,0.00,1167.42,328.42,0.00
4,cudaMalloc,2048,8,0.00,250.17,0.00,0.00,862.22,0.00
4,cudaMallocManaged,128,2,0.00,62.51,0.00,26437.14,3738.39,0.00
4,cudaMallocManaged,2048,7,0.00,77.97,0.00,335937.75,51663.61,0.00
4,vmm,8,7,6.75,74.37,78.32,0.00,66.96,1.20
4,vmm,32,2,16.76,50.08,77.43,0.00,69.47,12.93
4,vmm,128,9,10.19,48.86,69.47,0.00,108.06,5.43
4,cudaMalloc,512,1,0.00,180.56,0.00,0.00,254.71,0.00
4,cudaMallocManaged,32,7,0.00,54.03,0.00,4300.50,887.05,0.00
4,cudaMalloc,8,4,0.00,115.51,0.00,0.00,60.25,0.00
4,vmm,32,0,14.31,44.54,77.38,0.00,71.04,6.36
4,cudaMallocManaged,8,1,0.00,54.02,0.00,1380.84,204.08,0.00
4,cudaMallocManaged,128,7,0.00,45.92,0.00,17469.93,3199.31,0.00
4,cudaMallocManaged,1024,7,0.00,52.40,0.00,158040.61,25560.33,0.00
4,cudaMalloc,512,8,0.00,192.26,0.00,0.00,271.78,0.00
4,cudaMallocManaged,2048,8,0.00,57.77,0.00,382493.95,53050.00,0.00
4,cudaMallocManaged,128,0,0.00,74.01,0.00,24435.60,3327.50,0.00
4,cudaMallocManaged,128,4,0.00,66.35,0.00,19930.19,3259.49,0.00
4,vmm,4096,6,13.12,83.21,228.71,0.00,1673.32,7.36
4,cudaMallocManaged,128,3,0.00,55.83,0.00,40615.63,17145.97,0.00
4,vmm,8,4,3.96,68.08,78.48,0.00,61.44,1.07
4,vmm,4096,3,9.92,47.73,205.24,0.00,1663.56,7.24
4,vmm,2,4,5.34,50.15,954.53,0.00,2718.04,3.15
4,vmm,2,2,8.09,73.47,314.95,0.00,1103.49,1.65
4,cudaMalloc,1024,6,0.00,2035.81,0.00,0.00,2545.78,0.00
4,cudaMalloc,512,4,0.00,1871.19,0.00,0.00,489.75,0.00
4,cudaMallocManaged,512,6,0.00,51.05,0.00,81794.71,12951.38,0.00
4,vmm,128,2,33.31,96.43,111.04,0.00,146.32,9.14
4,vmm,1024,6,17.20,97.44,148.67,0.00,500.62,7.39
4,cudaMallocManaged,4096,9,0.00,79.46,0.00,793608.35,106554.64,0.00
4,vmm,32,3,27.32,106.39,124.95,0.00,102.45,9.29
4,cudaMallocManaged,4096,1,0.00,78.57,0.00,796329.28,107407.00,0.00
4,cudaMallocManaged,1024,5,0.00,84.01,0.00,189499.34,26128.38,0.00
4,cudaMallocManaged,2,8,0.00,75.02,0.00,570.90,135.40,0.00
4,cudaMalloc,512,2,0.00,229.67,0.00,0.00,350.95,0.00
4,cudaMalloc,2048,4,0.00,422.75,0.00,0.00,1086.41,0.00
4,cudaMalloc,2048,9,0.00,2085.87,0.00,0.00,3418.03,0.00
4,vmm,2,9,8.91,667.56,1123.76,0.00,1148.64,3.24
4,cudaMalloc,4096,3,0.00,6175.50,0.00,0.00,2053.34,0.00
4,cudaMalloc,128,3,0.00,2061.30,0.00,0.00,2244.71,0.00
4,cudaMallocManaged,32,4,0.00,67.56,0.00,12499.71,18065.51,0.00
4,cudaMalloc,4096,0,0.00,490.10,0.00,0.00,1995.38,0.00
4,cudaMallocManaged,2,9,0.00,76.33,0.00,4087.51,1096.82,0.00
4,vmm,128,6,22.71,95.20,1910.27,0.00,2228.67,8.17
4,vmm,8,1,6.11,71.73,808.73,0.00,1108.25,1.97
4,cudaMalloc,128,8,0.00,1404.43,0.00,0.00,184.30,0.00
4,cudaMallocManaged,512,1,0.00,100.08,0.00,105533.53,13454.54,0.00
4,vmm,1024,9,24.44,106.66,163.87,0.00,588.98,9.65
4,cudaMalloc,8,5,0.00,431.70,0.00,0.00,80.02,0.00
4,vmm,2,8,11.05,104.39,101.62,0.00,80.14,1.68
4,cudaMalloc,8,3,0.00,210.88,0.00,0.00,95.19,0.00
4,cudaMallocManaged,512,5,0.00,83.19,0.00,107127.09,13267.83,0.00
4,cudaMalloc,512,9,0.00,259.08,0.00,0.00,366.81,0.00
4,vmm,512,8,19.34,204.59,120.67,0.00,309.59,7.33
4,cudaMalloc,32,0,0.00,348.15,0.00,0.00,125.97,0.00
4,cudaMalloc,32,7,0.00,228.55,0.00,0.00,112.43,0.00
4,vmm,512,3,22.52,117.10,313.28,0.00,330.13,11.25
4,cudaMalloc,32,6,0.00,545.41,0.00,0.00,157.47,0.00
4,cudaMalloc,512,0,0.00,222.20,0.00,0.00,336.93,0.00
4,cudaMalloc,1024,5,0.00,383.28,0.00,0.00,593.19,0.00
4,cudaMalloc,128,6,0.00,630.83,0.00,0.00,189.25,0.00
4,cudaMallocManaged,2,4,0.00,74.09,0.00,594.84,108.50,0.00
4,cudaMalloc,8,8,0.00,191.57,0.00,0.00,77.09,0.00
4,vmm,2048,5,16.81,73.25,157.44,0.00,831.89,7.76
4,cudaMallocManaged,2048,0,0.00,58.54,0.00,316620.51,51150.84,0.00
4,vmm,2,1,3.77,65.67,74.32,0.00,58.92,1.04
4,cudaMallocManaged,2,1,0.00,76.44,0.00,502.80,62.94,0.00
4,cudaMalloc,4096,4,0.00,4675.50,0.00,0.00,1572.61,0.00
4,cudaMalloc,2048,5,0.00,57168.04,0.00,0.00,1464.85,0.00
4,cudaMallocManaged,128,5,0.00,69.30,0.00,26075.33,3663.96,0.00
4,cudaMallocManaged,128,6,0.00,48.63,0.00,16874.55,3157.80,0.00
4,cudaMallocManaged,1024,9,0.00,47.66,0.00,148520.53,25321.91,0.00
4,vmm,2048,2,13.57,67.93,166.76,0.00,806.92,5.79
4,cudaMalloc,4096,1,0.00,20606.28,0.00,0.00,1586.98,0.00
4,cudaMalloc,32,2,0.00,995.06,0.00,0.00,1109.90,0.00
4,cudaMalloc,512,3,0.00,2009.86,0.00,0.00,2349.16,0.00
4,cudaMalloc,1024,9,0.00,1844.65,0.00,0.00,2512.94,0.00
4,vmm,2,5,17.22,1920.51,766.27,0.00,1109.65,1.48
4,cudaMalloc,1024,3,0.00,378.43,0.00,0.00,439.13,0.00
4,cudaMalloc,1024,4,0.00,413.79,0.00,0.00,452.11,0.00
4,cudaMallocManaged,512,0,0.00,61.99,0.00,78479.19,12853.44,0.00
4,cudaMallocManaged,512,3,0.00,56.88,0.00,79751.55,13108.55,0.00
4,cudaMalloc,32,9,0.00,187.73,0.00,0.00,101.55,0.00
4,cudaMalloc,128,1,0.00,203.88,0.00,0.00,126.32,0.00
4,cudaMallocManaged,4096,6,0.00,47.23,0.00,617733.71,110367.54,0.00
4,cudaMallocManaged,2,6,0.00,108.68,0.00,826.50,58.09,0.00
4,vmm,4096,8,44.62,417.95,394.75,0.00,1578.05,6.89
4,vmm,8,3,11.76,113.08,872.01,0.00,1128.20,1.36
4,cudaMallocManaged,8,5,0.00,70.55,0.00,7237.56,4282.14,0.00
4,vmm,128,1,33.80,868.67,171.64,0.00,133.66,6.89
4,vmm,8,9,2.08,52.00,55.43,0.00,47.62,0.99
4,vmm,1024,0,17.66,75.86,180.88,0.00,451.15,6.68
4,cudaMallocManaged,2048,2,0.00,65.55,0.00,291140.80,55087.69,0.00
4,cudaMalloc,2048,6,0.00,391.80,0.00,0.00,847.26,0.00
4,vmm,32,1,13.37,43.87,2003.80,0.00,2162.44,5.64
4,cudaMallocManaged,2048,1,0.00,53.20,0.00,291271.95,55295.86,0.00
4,cudaMallocManaged,4096,3,0.00,91.27,0.00,602380.11,110531.07,0.00
4,cudaMalloc,2,2,0.00,260.63,0.00,0.00,100.22,0.00
4,cudaMalloc,128,5,0.00,281.55,0.00,0.00,148.47,0.00
4,vmm,512,0,17.20,84.44,161.88,0.00,251.68,7.27
4,cudaMalloc,2,9,0.00,333.77,0.00,0.00,93.28,0.00
4,cudaMalloc,8,9,0.00,240.01,0.00,0.00,98.61,0.00
4,cudaMallocManaged,8,0,0.00,123.70,0.00,1773.19,634.54,0.00
4,vmm,512,7,34.78,129.74,182.85,0.00,357.26,10.77
4,vmm,4096,7,17.92,212.44,351.34,0.00,1579.95,20.38
4,cudaMallocManaged,32,2,0.00,85.35,0.00,12645.97,16971.03,0.00
4,cudaMallocManaged,512,8,0.00,89.90,0.00,84151.53,16115.68,0.00
4,cudaMallocManaged,8,6,0.00,69.19,0.00,1578.89,276.53,0.00
4,vmm,512,2,16.55,84.53,118.25,0.00,305.51,7.23
4,cudaMalloc,1024,8,0.00,383.63,0.00,0.00,562.48,0.00
4,cudaMalloc,8,7,0.00,557.45,0.00,0.00,101.61,0.00
4,cudaMallocManaged,512,4,0.00,84.30,0.00,91997.57,13092.24,0.00
4,cudaMallocManaged,512,2,0.00,68.93,0.00,77489.32,12729.62,0.00
4,vmm,4096,2,19.07,89.20,231.82,0.00,1586.62,7.53
4,cudaMalloc,8,2,0.00,1005.33,0.00,0.00,1092.73,0.00
4,vmm,8,8,5.47,58.61,905.63,0.00,1105.22,1.71
4,cudaMalloc,4096,9,0.00,11922.75,0.00,0.00,1554.10,0.00
4,cudaMalloc,4096,5,0.00,56845.94,0.00,0.00,2281.59,0.00
4,vmm,2048,3,15.47,54794.40,486.87,0.00,959.00,10.47
4,cudaMalloc,4096,2,0.00,18464.90,0.00,0.00,1675.96,0.00
4,vmm,32,9,13.17,44.37,1981.25,0.00,2226.86,10.85
4,vmm,512,1,20.32,92.67,1834.97,0.00,2393.05,9.00
4,cudaMallocManaged,4096,0,0.00,88.67,0.00,600065.46,117734.50,0.00
4,cudaMalloc,128,0,0.00,334.23,0.00,0.00,227.63,0.00
4,vmm,2048,9,19.03,133.51,255.04,0.00,842.94,7.58
4,vmm,4096,4,29.43,19686.87,481.69,0.00,1678.84,16.22
4,vmm,4096,9,13.35,55537.37,574.10,0.00,1580.74,17.01
4,cudaMallocManaged,128,8,0.00,65.76,0.00,42855.21,15251.48,0.00
4,cudaMalloc,1024,2,0.00,228.82,0.00,0.00,453.71,0.00
4,cudaMallocManaged,1024,3,0.00,74.11,0.00,144065.59,27346.47,0.00
4,vmm,8,5,11.46,128.61,119.87,0.00,95.01,2.24
4,cudaMallocManaged,1024,6,0.00,80.59,0.00,152490.87,26988.32,0.00
4,cudaMallocManaged,2,7,0.00,68.36,0.00,334.75,55.81,0.00
4,vmm,4096,1,11.58,130.76,415.81,0.00,1671.45,7.16
4,vmm,2048,6,22.20,54799.96,190.22,0.00,842.92,14.30
4,vmm,1024,4,12.55,54.88,1988.93,0.00,2534.46,5.19
4,cudaMallocManaged,32,6,0.00,86.14,0.00,9090.76,2534.98,0.00
4,cudaMallocManaged,1024,4,0.00,55.98,0.00,160859.72,28233.41,0.00
4,vmm,4096,5,35.83,260.06,507.62,0.00,1728.38,15.06
4,vmm,32,4,31.00,65.62,1934.24,0.00,2177.05,11.15
4,vmm,1024,2,14.12,31162.88,184.64,0.00,478.55,13.98
4,cudaMalloc,512,5,0.00,380.43,0.00,0.00,276.90,0.00
4,cudaMalloc,128,9,0.00,1150.94,0.00,0.00,120.84,0.00
4,cudaMallocManaged,512,7,0.00,62.73,0.00,73611.40,13673.48,0.00
4,vmm,2048,7,13.86,103.64,247.12,0.00,824.81,6.20
4,cudaMalloc,2,0,0.00,1010.00,0.00,0.00,1084.59,0.00
4,cudaMalloc,2048,1,0.00,684.06,0.00,0.00,821.14,0.00
4,cudaMallocManaged,2,3,0.00,53.87,0.00,4117.54,1081.75,0.00
4,cudaMalloc,512,7,0.00,567.90,0.00,0.00,264.33,0.00
4,cudaMalloc,32,8,0.00,175.72,0.00,0.00,57.90,0.00
4,cudaMalloc,128,7,0.00,256.96,0.00,0.00,241.92,0.00
4,cudaMallocManaged,4096,4,0.00,63.54,0.00,625484.09,102784.62,0.00
4,cudaMallocManaged,128,1,0.00,43.63,0.00,16053.01,3145.68,0.00
4,cudaMalloc,2,1,0.00,114.78,0.00,0.00,58.34,0.00
4,cudaMallocManaged,32,3,0.00,25.05,0.00,5016.76,775.87,0.00
4,vmm,32,7,10.55,44.53,71.18,0.00,69.83,5.35
4,vmm,2048,8,4.88,42.15,121.87,0.00,797.00,3.92
4,cudaMalloc,2048,3,0.00,2083.77,0.00,0.00,2949.61,0.00
4,vmm,1024,3,6.86,425.49,1857.82,0.00,2520.91,4.48
4,vmm,2048,4,7.12,24913.60,386.68,0.00,808.06,9.56
