mode,loc,size_mib,perm,op,n,median_us,p25_us,p75_us,max_us
spaced,device,2,ro,cuMemAddressFree,20,0.89,0.73,0.99,2.47
spaced,device,2,ro,cuMemAddressReserve,20,2.35,1.66,3.9,9.1
spaced,device,2,ro,cuMemCreate,20,75.5,39.48,225.15,335.09
spaced,device,2,ro,cuMemMap,20,2.65,1.55,4.63,14.65
spaced,device,2,ro,cuMemRelease,20,23.91,20.78,26.59,50.07
spaced,device,2,ro,cuMemSetAccess,20,51.77,43.96,66.07,424.09
spaced,device,2,ro,cuMemUnmap,20,26.51,22.5,32.28,60.04
spaced,device,2,rw,cuMemAddressFree,20,0.92,0.71,1.05,3.06
spaced,device,2,rw,cuMemAddressReserve,20,2.92,1.51,4.47,6.25
spaced,device,2,rw,cuMemCreate,20,56.56,40.97,67.85,223.55
spaced,device,2,rw,cuMemMap,20,2.72,1.43,4.04,4.82
spaced,device,2,rw,cuMemRelease,20,24.41,20.02,27.35,33.6
spaced,device,2,rw,cuMemSetAccess,20,56.25,41.38,69.05,84.0
spaced,device,2,rw,cuMemUnmap,20,30.4,21.66,31.98,54.45
spaced,device,8,ro,cuMemAddressFree,20,0.84,0.76,1.16,1.93
spaced,device,8,ro,cuMemAddressReserve,20,2.79,2.04,3.65,13.5
spaced,device,8,ro,cuMemCreate,20,77.4,45.49,162.13,1091.8
spaced,device,8,ro,cuMemMap,20,3.37,1.74,5.8,15.13
spaced,device,8,ro,cuMemRelease,20,26.88,22.34,27.88,39.91
spaced,device,8,ro,cuMemSetAccess,20,67.82,46.93,85.57,952.86
spaced,device,8,ro,cuMemUnmap,20,29.85,22.57,31.81,1069.56
spaced,device,8,rw,cuMemAddressFree,20,0.93,0.73,1.36,4.26
spaced,device,8,rw,cuMemAddressReserve,20,2.81,1.35,4.52,7.32
spaced,device,8,rw,cuMemCreate,20,111.4,58.39,170.55,287.7
spaced,device,8,rw,cuMemMap,20,3.94,1.7,4.48,11.4
spaced,device,8,rw,cuMemRelease,20,26.94,20.33,32.79,140.32
spaced,device,8,rw,cuMemSetAccess,20,72.9,49.82,90.28,384.99
spaced,device,8,rw,cuMemUnmap,20,30.96,20.69,38.08,1066.3
spaced,device,32,ro,cuMemAddressFree,20,6.28,4.75,7.18,11.52
spaced,device,32,ro,cuMemAddressReserve,20,17.06,14.31,20.61,40.41
spaced,device,32,ro,cuMemCreate,20,52.83,34.97,91.8,257.14
spaced,device,32,ro,cuMemMap,20,2.86,1.68,4.11,8.62
spaced,device,32,ro,cuMemRelease,20,32.89,30.42,37.65,133.45
spaced,device,32,ro,cuMemSetAccess,20,73.82,66.79,97.46,310.38
spaced,device,32,ro,cuMemUnmap,20,31.3,28.51,37.3,51.19
spaced,device,32,rw,cuMemAddressFree,20,5.13,4.32,6.53,9.19
spaced,device,32,rw,cuMemAddressReserve,20,15.16,10.29,20.55,25.86
spaced,device,32,rw,cuMemCreate,20,69.7,55.01,214.32,256.52
spaced,device,32,rw,cuMemMap,20,2.83,1.34,4.47,5.3
spaced,device,32,rw,cuMemRelease,20,35.97,29.51,43.26,128.82
spaced,device,32,rw,cuMemSetAccess,20,96.09,60.01,103.7,1614.56
spaced,device,32,rw,cuMemUnmap,20,35.73,31.25,42.4,1762.52
spaced,device,128,ro,cuMemAddressFree,20,5.48,4.61,7.22,16.33
spaced,device,128,ro,cuMemAddressReserve,20,13.59,10.5,16.97,25.7
spaced,device,128,ro,cuMemCreate,20,50.44,34.55,73.88,292.03
spaced,device,128,ro,cuMemMap,20,1.92,1.39,3.56,6.9
spaced,device,128,ro,cuMemRelease,20,70.42,68.74,76.84,155.21
spaced,device,128,ro,cuMemSetAccess,20,71.0,61.86,92.89,138.43
spaced,device,128,ro,cuMemUnmap,20,32.36,26.97,35.77,53.14
spaced,device,128,rw,cuMemAddressFree,20,5.17,4.31,7.09,16.55
spaced,device,128,rw,cuMemAddressReserve,20,13.89,8.49,18.78,24.88
spaced,device,128,rw,cuMemCreate,20,61.31,43.57,147.19,263.8
spaced,device,128,rw,cuMemMap,20,3.03,1.61,4.36,11.62
spaced,device,128,rw,cuMemRelease,20,74.69,69.18,78.8,166.76
spaced,device,128,rw,cuMemSetAccess,20,77.89,56.08,106.28,347.97
spaced,device,128,rw,cuMemUnmap,20,34.62,28.77,39.14,66.97
spaced,device,512,ro,cuMemAddressFree,20,5.21,4.26,6.78,16.41
spaced,device,512,ro,cuMemAddressReserve,20,12.63,8.43,15.37,26.86
spaced,device,512,ro,cuMemCreate,20,59.67,40.35,119.03,239.44
spaced,device,512,ro,cuMemMap,20,2.03,1.58,4.75,8.41
spaced,device,512,ro,cuMemRelease,20,208.83,203.55,220.3,234.3
spaced,device,512,ro,cuMemSetAccess,20,91.14,77.1,112.8,2017.04
spaced,device,512,ro,cuMemUnmap,20,33.91,31.2,40.7,2129.13
spaced,device,512,rw,cuMemAddressFree,20,5.39,4.54,7.05,7.64
spaced,device,512,rw,cuMemAddressReserve,20,14.4,11.08,16.5,22.42
spaced,device,512,rw,cuMemCreate,20,66.45,46.24,132.78,250.82
spaced,device,512,rw,cuMemMap,20,2.58,1.9,3.11,4.55
spaced,device,512,rw,cuMemRelease,20,207.47,204.62,210.96,220.32
spaced,device,512,rw,cuMemSetAccess,20,88.01,84.57,105.75,116.75
spaced,device,512,rw,cuMemUnmap,20,34.74,32.8,46.69,59.21
spaced,device,1024,ro,cuMemAddressFree,20,5.22,4.35,6.58,9.29
spaced,device,1024,ro,cuMemAddressReserve,20,13.9,9.9,18.25,28.12
spaced,device,1024,ro,cuMemCreate,20,66.09,51.18,131.78,279.5
spaced,device,1024,ro,cuMemMap,20,2.87,2.17,5.22,7.44
spaced,device,1024,ro,cuMemRelease,20,391.98,389.09,398.21,430.51
spaced,device,1024,ro,cuMemSetAccess,20,114.41,95.87,129.91,235.56
spaced,device,1024,ro,cuMemUnmap,20,38.9,33.27,48.77,70.26
spaced,device,1024,rw,cuMemAddressFree,20,4.85,4.27,6.35,11.34
spaced,device,1024,rw,cuMemAddressReserve,20,11.39,5.9,17.3,26.72
spaced,device,1024,rw,cuMemCreate,20,67.49,38.28,133.21,231.41
spaced,device,1024,rw,cuMemMap,20,1.63,1.25,2.96,6.35
spaced,device,1024,rw,cuMemRelease,20,388.26,383.61,401.06,431.91
spaced,device,1024,rw,cuMemSetAccess,20,97.71,91.53,125.87,2039.39
spaced,device,1024,rw,cuMemUnmap,20,34.28,31.78,43.14,2130.49
spaced,host,2,ro,cuMemAddressFree,20,0.94,0.75,1.19,1.81
spaced,host,2,ro,cuMemAddressReserve,20,2.49,1.58,4.18,14.32
spaced,host,2,ro,cuMemCreate,20,265.43,201.65,306.14,357.51
spaced,host,2,ro,cuMemMap,20,3.12,2.16,4.4,6.2
spaced,host,2,ro,cuMemRelease,20,43.02,42.27,43.95,53.98
spaced,host,2,ro,cuMemSetAccess,20,86.17,77.26,104.79,128.14
spaced,host,2,ro,cuMemUnmap,20,46.86,42.88,53.67,60.79
spaced,host,2,rw,cuMemAddressFree,20,0.99,0.82,1.17,1.56
spaced,host,2,rw,cuMemAddressReserve,20,2.62,2.02,3.04,6.51
spaced,host,2,rw,cuMemCreate,20,296.56,246.46,309.21,353.47
spaced,host,2,rw,cuMemMap,20,3.18,2.56,4.15,5.49
spaced,host,2,rw,cuMemRelease,20,42.92,42.54,43.75,59.85
spaced,host,2,rw,cuMemSetAccess,20,100.03,87.78,106.96,1748.42
spaced,host,2,rw,cuMemUnmap,20,49.23,44.2,54.27,2141.47
spaced,host,8,ro,cuMemAddressFree,20,1.45,1.05,1.54,2.12
spaced,host,8,ro,cuMemAddressReserve,20,2.89,1.61,3.59,5.41
spaced,host,8,ro,cuMemCreate,20,1047.07,890.8,1096.96,2192.27
spaced,host,8,ro,cuMemMap,20,4.65,3.23,5.8,7.7
spaced,host,8,ro,cuMemRelease,20,204.81,196.89,233.02,303.17
spaced,host,8,ro,cuMemSetAccess,20,157.33,142.48,164.6,510.9
spaced,host,8,ro,cuMemUnmap,20,60.41,54.59,66.68,93.12
spaced,host,8,rw,cuMemAddressFree,20,1.38,1.17,1.95,4.2
spaced,host,8,rw,cuMemAddressReserve,20,2.58,1.68,3.48,7.08
spaced,host,8,rw,cuMemCreate,20,1060.08,1002.35,1157.23,2515.81
spaced,host,8,rw,cuMemMap,20,4.7,3.42,6.13,9.1
spaced,host,8,rw,cuMemRelease,20,206.25,199.11,227.77,322.44
spaced,host,8,rw,cuMemSetAccess,20,161.05,146.49,173.33,2028.5
spaced,host,8,rw,cuMemUnmap,20,61.39,57.88,68.12,2161.5
spaced,host,32,ro,cuMemAddressFree,20,13.71,12.81,17.02,30.56
spaced,host,32,ro,cuMemAddressReserve,20,15.57,13.25,21.23,32.49
spaced,host,32,ro,cuMemCreate,20,4701.43,4171.31,5872.14,6215.44
spaced,host,32,ro,cuMemMap,20,7.83,6.82,9.07,13.99
spaced,host,32,ro,cuMemRelease,20,471.78,461.61,530.11,986.26
spaced,host,32,ro,cuMemSetAccess,20,404.16,396.83,422.12,550.42
spaced,host,32,ro,cuMemUnmap,20,98.14,92.85,105.85,146.99
spaced,host,32,rw,cuMemAddressFree,20,12.98,11.07,14.09,25.9
spaced,host,32,rw,cuMemAddressReserve,20,17.03,13.31,20.92,35.99
spaced,host,32,rw,cuMemCreate,20,4430.39,4141.04,4727.43,9322.37
spaced,host,32,rw,cuMemMap,20,7.47,6.39,8.8,22.12
spaced,host,32,rw,cuMemRelease,20,466.68,462.96,507.67,642.07
spaced,host,32,rw,cuMemSetAccess,20,398.72,385.59,401.99,507.17
spaced,host,32,rw,cuMemUnmap,20,96.28,93.26,100.04,131.16
spaced,host,128,ro,cuMemAddressFree,20,13.83,13.19,14.84,19.22
spaced,host,128,ro,cuMemAddressReserve,20,11.36,6.71,13.36,30.09
spaced,host,128,ro,cuMemCreate,20,17066.8,15709.57,18215.78,21315.86
spaced,host,128,ro,cuMemMap,20,8.69,7.76,10.15,16.54
spaced,host,128,ro,cuMemRelease,20,2468.97,2209.83,2913.76,3932.27
spaced,host,128,ro,cuMemSetAccess,20,1180.1,1172.08,1187.33,1324.81
spaced,host,128,ro,cuMemUnmap,20,206.66,201.44,227.93,264.03
spaced,host,128,rw,cuMemAddressFree,20,13.57,12.79,13.84,22.68
spaced,host,128,rw,cuMemAddressReserve,20,13.33,10.32,17.55,19.47
spaced,host,128,rw,cuMemCreate,20,17788.23,15971.93,18496.37,21585.43
spaced,host,128,rw,cuMemMap,20,8.23,7.68,9.08,20.93
spaced,host,128,rw,cuMemRelease,20,2371.84,2183.19,2613.55,3632.18
spaced,host,128,rw,cuMemSetAccess,20,1177.4,1163.03,1190.65,1235.67
spaced,host,128,rw,cuMemUnmap,20,209.78,200.91,219.46,294.85
spaced,host,512,ro,cuMemAddressFree,20,17.09,16.18,24.15,37.41
spaced,host,512,ro,cuMemAddressReserve,20,12.91,8.01,17.6,25.47
spaced,host,512,ro,cuMemCreate,20,49905.24,46805.19,52339.83,58634.8
spaced,host,512,ro,cuMemMap,20,9.16,8.79,10.42,19.53
spaced,host,512,ro,cuMemRelease,20,12271.72,11247.47,13538.97,19169.05
spaced,host,512,ro,cuMemSetAccess,20,4271.23,4254.33,4366.45,4817.47
spaced,host,512,ro,cuMemUnmap,20,663.84,632.07,818.76,851.61
spaced,host,512,rw,cuMemAddressFree,20,16.13,15.3,16.92,29.66
spaced,host,512,rw,cuMemAddressReserve,20,12.96,9.78,15.2,39.57
spaced,host,512,rw,cuMemCreate,20,49049.6,46024.04,52529.16,56641.8
spaced,host,512,rw,cuMemMap,20,9.53,7.99,9.87,10.47
spaced,host,512,rw,cuMemRelease,20,12290.23,11819.4,13423.82,16086.49
spaced,host,512,rw,cuMemSetAccess,20,4297.77,4251.42,4360.59,5455.06
spaced,host,512,rw,cuMemUnmap,20,647.85,626.37,771.47,987.76
spaced,host,1024,ro,cuMemAddressFree,20,18.46,15.96,20.13,34.46
spaced,host,1024,ro,cuMemAddressReserve,20,15.8,12.71,22.23,38.03
spaced,host,1024,ro,cuMemCreate,20,91965.49,88628.01,95022.82,97188.69
spaced,host,1024,ro,cuMemMap,20,10.54,9.18,10.84,25.63
spaced,host,1024,ro,cuMemRelease,20,25101.85,23665.01,26149.25,32474.59
spaced,host,1024,ro,cuMemSetAccess,20,8597.03,8397.66,9352.38,10470.28
spaced,host,1024,ro,cuMemUnmap,20,1305.08,1233.92,1487.99,1818.92
spaced,host,1024,rw,cuMemAddressFree,20,18.45,17.31,20.7,41.99
spaced,host,1024,rw,cuMemAddressReserve,20,13.52,6.76,15.91,41.98
spaced,host,1024,rw,cuMemCreate,20,91361.01,89021.03,93719.72,95723.78
spaced,host,1024,rw,cuMemMap,20,10.23,9.44,10.6,25.27
spaced,host,1024,rw,cuMemRelease,20,24611.16,22986.39,25428.23,29448.78
spaced,host,1024,rw,cuMemSetAccess,20,8736.5,8510.94,10116.7,11598.82
spaced,host,1024,rw,cuMemUnmap,20,1271.67,1245.44,1448.66,1610.64
backtoback,device,2,ro,cuMemAddressFree,20,0.69,0.64,0.75,3.32
backtoback,device,2,ro,cuMemAddressReserve,20,0.87,0.75,1.67,4.4
backtoback,device,2,ro,cuMemCreate,20,19.66,15.95,56.87,356.04
backtoback,device,2,ro,cuMemMap,20,1.02,0.92,1.4,4.85
backtoback,device,2,ro,cuMemRelease,20,21.13,17.46,23.51,121.87
backtoback,device,2,ro,cuMemSetAccess,20,516.79,50.85,885.13,1031.55
backtoback,device,2,ro,cuMemUnmap,20,29.2,21.21,1064.55,1078.3
backtoback,device,2,rw,cuMemAddressFree,20,0.68,0.54,0.79,1.2
backtoback,device,2,rw,cuMemAddressReserve,20,0.75,0.61,1.57,3.02
backtoback,device,2,rw,cuMemCreate,20,16.88,15.57,54.98,413.44
backtoback,device,2,rw,cuMemMap,20,0.88,0.76,1.34,7.58
backtoback,device,2,rw,cuMemRelease,20,20.29,17.93,25.28,117.26
backtoback,device,2,rw,cuMemSetAccess,20,88.04,36.99,845.55,1032.62
backtoback,device,2,rw,cuMemUnmap,20,20.69,17.51,803.55,1069.25
backtoback,device,8,ro,cuMemAddressFree,20,0.77,0.6,0.94,1.76
backtoback,device,8,ro,cuMemAddressReserve,20,0.88,0.6,2.46,7.65
backtoback,device,8,ro,cuMemCreate,20,45.93,15.68,202.82,318.29
backtoback,device,8,ro,cuMemMap,20,1.12,0.79,2.65,5.3
backtoback,device,8,ro,cuMemRelease,20,21.11,19.95,28.58,40.61
backtoback,device,8,ro,cuMemSetAccess,20,88.69,41.57,918.96,1037.03
backtoback,device,8,ro,cuMemUnmap,20,29.3,19.73,1061.24,1069.33
backtoback,device,8,rw,cuMemAddressFree,20,0.8,0.69,0.91,1.71
backtoback,device,8,rw,cuMemAddressReserve,20,1.35,0.75,2.54,3.43
backtoback,device,8,rw,cuMemCreate,20,39.04,17.28,55.04,582.13
backtoback,device,8,rw,cuMemMap,20,1.42,0.98,3.99,9.26
backtoback,device,8,rw,cuMemRelease,20,24.09,21.0,27.67,45.65
backtoback,device,8,rw,cuMemSetAccess,20,111.83,84.3,1012.99,1032.56
backtoback,device,8,rw,cuMemUnmap,20,38.7,25.93,1064.3,1071.41
backtoback,device,32,ro,cuMemAddressFree,20,4.54,3.9,5.21,6.92
backtoback,device,32,ro,cuMemAddressReserve,20,12.66,8.19,13.92,19.83
backtoback,device,32,ro,cuMemCreate,20,20.9,17.93,104.17,234.18
backtoback,device,32,ro,cuMemMap,20,1.18,0.93,1.37,2.77
backtoback,device,32,ro,cuMemRelease,20,33.06,29.56,38.51,232.1
backtoback,device,32,ro,cuMemSetAccess,20,118.34,52.04,1399.92,2050.63
backtoback,device,32,ro,cuMemUnmap,20,31.57,25.74,1600.14,2128.39
backtoback,device,32,rw,cuMemAddressFree,20,3.98,3.75,5.05,19.07
backtoback,device,32,rw,cuMemAddressReserve,20,12.7,7.12,16.2,27.71
backtoback,device,32,rw,cuMemCreate,20,32.63,16.2,54.55,225.17
backtoback,device,32,rw,cuMemMap,20,1.2,0.88,3.73,4.59
backtoback,device,32,rw,cuMemRelease,20,35.52,32.25,50.56,127.49
backtoback,device,32,rw,cuMemSetAccess,20,269.07,97.93,2061.99,2085.55
backtoback,device,32,rw,cuMemUnmap,20,45.35,35.39,2124.91,2174.99
backtoback,device,128,ro,cuMemAddressFree,20,4.12,3.77,5.11,8.2
backtoback,device,128,ro,cuMemAddressReserve,20,11.12,5.71,14.22,17.84
backtoback,device,128,ro,cuMemCreate,20,32.14,17.42,52.49,363.85
backtoback,device,128,ro,cuMemMap,20,1.21,0.94,1.76,4.05
backtoback,device,128,ro,cuMemRelease,20,73.42,70.8,77.43,255.89
backtoback,device,128,ro,cuMemSetAccess,20,128.04,106.71,1969.25,2088.88
backtoback,device,128,ro,cuMemUnmap,20,37.39,27.05,1094.67,2125.66
backtoback,device,128,rw,cuMemAddressFree,20,3.91,3.52,5.71,15.46
backtoback,device,128,rw,cuMemAddressReserve,20,7.05,3.75,10.47,15.67
backtoback,device,128,rw,cuMemCreate,20,18.67,16.72,38.27,144.84
backtoback,device,128,rw,cuMemMap,20,1.1,0.86,1.53,6.55
backtoback,device,128,rw,cuMemRelease,20,71.06,69.21,75.21,1188.72
backtoback,device,128,rw,cuMemSetAccess,20,1760.92,67.34,2077.88,2088.68
backtoback,device,128,rw,cuMemUnmap,20,1219.72,27.62,2123.24,2263.72
backtoback,device,512,ro,cuMemAddressFree,20,4.14,3.78,5.18,10.86
backtoback,device,512,ro,cuMemAddressReserve,20,9.83,4.03,12.05,16.7
backtoback,device,512,ro,cuMemCreate,20,24.7,17.99,54.99,329.0
backtoback,device,512,ro,cuMemMap,20,1.05,0.83,1.27,3.81
backtoback,device,512,ro,cuMemRelease,20,208.41,204.71,215.9,1125.29
backtoback,device,512,ro,cuMemSetAccess,20,923.25,77.84,2062.88,2120.44
backtoback,device,512,ro,cuMemUnmap,20,230.82,30.28,2125.84,2195.52
backtoback,device,512,rw,cuMemAddressFree,20,4.02,3.64,4.21,4.8
backtoback,device,512,rw,cuMemAddressReserve,20,10.34,6.03,11.67,14.35
backtoback,device,512,rw,cuMemCreate,20,37.41,18.23,113.0,1421.06
backtoback,device,512,rw,cuMemMap,20,1.04,0.86,1.63,3.41
backtoback,device,512,rw,cuMemRelease,20,203.33,202.43,209.12,217.07
backtoback,device,512,rw,cuMemSetAccess,20,139.46,79.77,1548.67,2092.25
backtoback,device,512,rw,cuMemUnmap,20,36.3,27.38,2122.96,2126.42
backtoback,device,1024,ro,cuMemAddressFree,20,4.13,3.69,4.84,7.22
backtoback,device,1024,ro,cuMemAddressReserve,20,9.2,4.44,11.9,18.61
backtoback,device,1024,ro,cuMemCreate,20,39.7,22.65,61.04,251.16
backtoback,device,1024,ro,cuMemMap,20,1.35,0.96,3.66,10.34
backtoback,device,1024,ro,cuMemRelease,20,394.39,385.34,417.81,964.34
backtoback,device,1024,ro,cuMemSetAccess,20,372.3,129.26,2059.3,2094.1
backtoback,device,1024,ro,cuMemUnmap,20,55.06,35.02,2126.28,2203.1
backtoback,device,1024,rw,cuMemAddressFree,20,4.1,3.73,5.73,12.96
backtoback,device,1024,rw,cuMemAddressReserve,20,7.64,3.93,10.29,14.14
backtoback,device,1024,rw,cuMemCreate,20,25.07,19.87,42.59,155.48
backtoback,device,1024,rw,cuMemMap,20,0.98,0.88,1.63,3.46
backtoback,device,1024,rw,cuMemRelease,20,395.39,382.77,415.33,1538.2
backtoback,device,1024,rw,cuMemSetAccess,20,608.14,103.37,2065.78,2095.43
backtoback,device,1024,rw,cuMemUnmap,20,39.55,29.23,1135.01,2379.82
backtoback,host,2,ro,cuMemAddressFree,20,0.86,0.73,1.32,6.98
backtoback,host,2,ro,cuMemAddressReserve,20,0.78,0.6,0.96,3.03
backtoback,host,2,ro,cuMemCreate,20,173.16,134.31,274.01,381.08
backtoback,host,2,ro,cuMemMap,20,1.48,1.15,2.19,5.21
backtoback,host,2,ro,cuMemRelease,20,41.85,41.18,43.45,55.58
backtoback,host,2,ro,cuMemSetAccess,20,118.82,70.88,1823.86,1995.61
backtoback,host,2,ro,cuMemUnmap,20,62.84,40.83,2134.99,2156.32
backtoback,host,2,rw,cuMemAddressFree,20,0.88,0.74,1.26,3.06
backtoback,host,2,rw,cuMemAddressReserve,20,0.95,0.67,1.63,2.56
backtoback,host,2,rw,cuMemCreate,20,267.55,169.4,320.95,481.14
backtoback,host,2,rw,cuMemMap,20,1.95,1.29,2.99,5.0
backtoback,host,2,rw,cuMemRelease,20,42.76,41.12,51.14,57.96
backtoback,host,2,rw,cuMemSetAccess,20,101.23,72.89,1706.53,2009.05
backtoback,host,2,rw,cuMemUnmap,20,51.85,39.84,300.21,2142.06
backtoback,host,8,ro,cuMemAddressFree,20,1.29,0.95,1.7,2.74
backtoback,host,8,ro,cuMemAddressReserve,20,0.81,0.67,2.26,2.79
backtoback,host,8,ro,cuMemCreate,20,1076.94,766.74,1142.88,1877.35
backtoback,host,8,ro,cuMemMap,20,2.5,1.57,4.08,8.92
backtoback,host,8,ro,cuMemRelease,20,196.01,190.52,215.62,254.82
backtoback,host,8,ro,cuMemSetAccess,20,156.7,130.56,398.13,2047.1
backtoback,host,8,ro,cuMemUnmap,20,53.16,46.16,67.19,2161.28
backtoback,host,8,rw,cuMemAddressFree,20,1.02,0.86,1.59,2.07
backtoback,host,8,rw,cuMemAddressReserve,20,0.73,0.62,1.54,2.62
backtoback,host,8,rw,cuMemCreate,20,997.81,866.81,1117.6,1399.96
backtoback,host,8,rw,cuMemMap,20,2.67,2.08,3.46,5.43
backtoback,host,8,rw,cuMemRelease,20,201.16,193.06,226.88,324.81
backtoback,host,8,rw,cuMemSetAccess,20,155.78,134.6,1809.56,2171.86
backtoback,host,8,rw,cuMemUnmap,20,57.93,51.06,2141.44,2143.7
backtoback,host,32,ro,cuMemAddressFree,20,12.84,12.15,13.24,27.36
backtoback,host,32,ro,cuMemAddressReserve,20,9.35,6.16,12.68,20.55
backtoback,host,32,ro,cuMemCreate,20,4428.08,4232.72,4953.56,6328.73
backtoback,host,32,ro,cuMemMap,20,7.17,6.27,9.79,13.12
backtoback,host,32,ro,cuMemRelease,20,478.37,460.39,670.55,821.61
backtoback,host,32,ro,cuMemSetAccess,20,414.27,401.16,1483.16,2231.5
backtoback,host,32,ro,cuMemUnmap,20,101.82,92.44,1737.42,2187.45
backtoback,host,32,rw,cuMemAddressFree,20,12.67,9.7,12.91,17.55
backtoback,host,32,rw,cuMemAddressReserve,20,9.31,5.18,14.75,19.61
backtoback,host,32,rw,cuMemCreate,20,4309.84,3784.87,4968.27,10259.22
backtoback,host,32,rw,cuMemMap,20,6.05,4.8,7.67,11.93
backtoback,host,32,rw,cuMemRelease,20,467.41,457.55,552.78,830.67
backtoback,host,32,rw,cuMemSetAccess,20,521.79,391.6,1664.31,2044.54
backtoback,host,32,rw,cuMemUnmap,20,103.28,92.13,2183.73,2246.8
backtoback,host,128,ro,cuMemAddressFree,20,12.9,12.34,15.39,48.34
backtoback,host,128,ro,cuMemAddressReserve,20,6.25,3.79,10.78,11.83
backtoback,host,128,ro,cuMemCreate,20,18746.49,17332.01,21533.21,28009.85
backtoback,host,128,ro,cuMemMap,20,8.67,7.22,10.67,13.62
backtoback,host,128,ro,cuMemRelease,20,2392.97,2214.02,2989.75,3851.54
backtoback,host,128,ro,cuMemSetAccess,20,1188.06,1172.23,1487.7,2588.19
backtoback,host,128,ro,cuMemUnmap,20,212.44,200.44,228.04,2290.13
backtoback,host,128,rw,cuMemAddressFree,20,13.06,12.73,13.87,23.58
backtoback,host,128,rw,cuMemAddressReserve,20,9.97,4.07,13.01,20.19
backtoback,host,128,rw,cuMemCreate,20,18489.89,16796.04,19980.2,25123.17
backtoback,host,128,rw,cuMemMap,20,7.68,7.14,8.88,10.18
backtoback,host,128,rw,cuMemRelease,20,2582.95,2198.68,2989.91,4573.19
backtoback,host,128,rw,cuMemSetAccess,20,1188.46,1174.41,1205.99,2990.77
backtoback,host,128,rw,cuMemUnmap,20,205.79,200.31,216.69,2288.87
backtoback,host,512,ro,cuMemAddressFree,20,16.84,15.46,18.64,28.47
backtoback,host,512,ro,cuMemAddressReserve,20,6.6,3.87,12.16,13.84
backtoback,host,512,ro,cuMemCreate,20,49247.79,43868.42,51478.99,52987.14
backtoback,host,512,ro,cuMemMap,20,8.37,7.74,9.23,10.95
backtoback,host,512,ro,cuMemRelease,20,12384.65,11502.76,14678.03,16931.06
backtoback,host,512,ro,cuMemSetAccess,20,4254.95,4242.35,4277.2,6452.03
backtoback,host,512,ro,cuMemUnmap,20,633.19,622.86,643.14,724.32
backtoback,host,512,rw,cuMemAddressFree,20,16.59,16.12,17.99,25.86
backtoback,host,512,rw,cuMemAddressReserve,20,8.31,5.12,11.22,16.78
backtoback,host,512,rw,cuMemCreate,20,50047.36,43818.67,53118.13,56362.16
backtoback,host,512,rw,cuMemMap,20,9.27,7.84,9.85,12.87
backtoback,host,512,rw,cuMemRelease,20,12115.0,11494.12,12830.4,20259.86
backtoback,host,512,rw,cuMemSetAccess,20,4278.55,4258.69,4338.48,9052.74
backtoback,host,512,rw,cuMemUnmap,20,645.82,625.29,656.07,872.3
backtoback,host,1024,ro,cuMemAddressFree,20,18.43,17.75,20.14,34.37
backtoback,host,1024,ro,cuMemAddressReserve,20,10.52,5.02,12.27,18.53
backtoback,host,1024,ro,cuMemCreate,20,93634.85,90066.94,96189.27,99550.22
backtoback,host,1024,ro,cuMemMap,20,9.6,8.82,10.9,14.49
backtoback,host,1024,ro,cuMemRelease,20,24428.18,23785.19,27622.42,28514.62
backtoback,host,1024,ro,cuMemSetAccess,20,8536.72,8398.83,9031.74,12819.96
backtoback,host,1024,ro,cuMemUnmap,20,1217.77,1194.18,1272.33,1545.75
backtoback,host,1024,rw,cuMemAddressFree,20,18.46,17.66,19.5,37.13
backtoback,host,1024,rw,cuMemAddressReserve,20,11.26,4.19,12.39,17.04
backtoback,host,1024,rw,cuMemCreate,20,93883.4,88710.47,97058.15,105422.91
backtoback,host,1024,rw,cuMemMap,20,9.57,8.57,9.97,13.53
backtoback,host,1024,rw,cuMemRelease,20,23750.78,22931.09,24917.66,32277.5
backtoback,host,1024,rw,cuMemSetAccess,20,8598.87,8377.56,8939.94,15058.17
backtoback,host,1024,rw,cuMemUnmap,20,1217.88,1178.02,1251.41,1590.06
